index,번역
0.0,10점 만점에 3점: 시즌 2
1.0,3/12 PS5 5번째 사전 주문입니다.
2.0,33라운드
3.0,3DMARK
4.0,"7,62 하이 칼리브"
5.0,8비트보이
6.0,8bitdo v3 아케이드 스틱.
7.0,랜덤 게임 박스.
8.0,게임. T4 프로 게임 패드.
9.0,Game Pass Ultimate 1개월 구독. 새 구독자.
10.0,게임 패스 PC 1개월 구독.
11.0,Chisel Xbox XBOX SERIES X XBOX Wireless Controller 4세대.
12.0,닌텐도 게임 11종.
13.0,"닌텐도 라이트 유저 키트 케이스는 6,400원입니다. 미납 7."
14.0,닌텐도 링 핏 어드벤처.
15.0,닌텐도 링핏.
16.0,닌텐도 스위치 게임 썸머 세일.
17.0,닌텐도 스위치 네온 + 타이틀 1.
18.0,닌텐도 스위치 네온 레드/블루 + 애니멀 크로싱.
19.0,닌텐도 스위치 애니멀 크로스 에디션.
20.0,닌텐도 스위치 애니멀 크로스 에디션. 와~ 멤버.
21.0,닌텐도 스위치 애니멀 크로스 에디션.
22.0,닌텐도 스위칭 핏 게임 세트 에디션 본체
23.0,닌텐도 스위치 마리오 레드 블루 + 스위치 마리오 3D 컬렉션 세트.
24.0,닌텐도 스위치 본체.
25.0,닌텐도 스위치 바디 네온.
26.0,닌텐도 스위치의 인기 있는 소프트 태그 1 옵션: 모여라. 동물의숲
27.0,닌텐도 스위치+소프트 태그 1.
28.0,닌텐도 스위치 링 핏 어드벤처.
29.0,닌텐도 스위치 링 핏 어드벤처 한국어 버전.
30.0,한국판 닌텐도 스위칭 핏 어드벤처.
31.0,닌텐도 스위치 하데스.
32.0,"듀얼 쇼크 4는 4,9800원입니다."
33.0,드래곤 퀘스트 XIS: 과거 찾기
34.0,드래곤볼 게임 시리즈.
35.0,드래곤볼 게임 최대 85% 할인.
36.0,드래곤볼 파이터.
37.0,드래곤볼 Z. 당근.
38.0,"드래곤볼 Z, 카카오 롯. 마지막 DLC 릴리스 할인입니다."
39.0,디아블로2 레저 사전예약.
40.0,디지몬의 마지막 장. 더빙은 무료입니다.
41.0,디트로이트 비컴 휴먼 50% 최저가
42.0,랄라 크로프트와 오시리스 사원/빛의 수호자
43.0,마지막 Us 2 Collection Edition입니다.
44.0,마지막 Us 2 Collection Edition입니다.
45.0,마지막 Us 2 Collection Edition입니다.
46.0,마지막 Us 2 Collection Edition입니다.
47.0,레드 데드 구제 2
48.0,작은 악몽.
49.0,링 핏 어드벤처.
50.0,마피아 3부작.
51.0,몬스터 헌터 라이즈 + 애니멀 크로싱 에디션.
52.0,문명 6 플래티넘 92% 할인.
53.0,아이작 리버스 50% 할인
54.0,반다이 남코 프로모션 세일.
55.0,배틀그라운드.
56.0,배틀그라운드 XBOX ONE.
57.0,전장 1과 5는 무료입니다.
58.0,베데스다 게임 세일 / This Honorard
59.0,사이버펑크 2077 게임.
60.0,산소 없음 + DLC 포함 굶지 마세요.
61.0,스위칭 핏. 다른 제품에도 할인 쿠폰을 사용할 수 있습니다.
62.0,스위치의 원래 가격입니다.
63.0,스타워즈 배틀프론트 2.
64.0,스타크래프트 리마스터.
65.0,스티브 잭슨의 마법! - 전집
66.0,5일 동안 무료입니다. 8천 원.
67.0,심즈 3 50% 할인.
68.0,우리 중에.
69.0,어쌔신 크리드 오디세이의 메인 에피소드 + 시즌권 최저가.
70.0,Xbox 시리즈 S.
71.0,여름 VR 게임 할인.
72.0,인왕 완결판.
73.0,젤다의 전설. 야생의 숨결.
74.0,철권 7호.
75.0,콘솔 게임 타이틀 정리 세일.
76.0,콜 오브 듀티: 블랙 옵스 냉전 40% 세일
77.0,Park Lie 5 + New Dawn.
78.0,가을 친구들.
79.0,가을 친구들.
80.0,프로스트펑크 무료 배포.
81.0,FIFA 21.
82.0,전염병 이야기: 순수함 / 미니트
83.0,절대 드리프트
84.0,아가사 크리스티 - ABC 살인 사건
85.0,ARMA: 냉전시대 공격
86.0,어쌔신 크리드 오디세이 - 어쌔신 크리드 오디세이
87.0,오토마체프
88.0,혈액 베타 키를 위한 4번 혈액 등입니다.
89.0,바나나 헬
90.0,배틀필드 1 아포칼립스 / 배틀필드 4 드래곤의 이빨
91.0,차르의 이름으로 전장 1
92.0,전장 1 터닝 조류 / 전장 4 해상 공격
93.0,전장 4차 공격 / 웹 향신료
94.0,"Strip / Ultima Underworld 1+2, Syndicate Plus, Syndicate Wars / Syndicate의 Blackjack"
95.0,블록 던전
96.0,브리지 생성자: 워킹 데드/아이언캐스트
97.0,고양이 방어
98.0,찹찹 공주님!
99.0,연대기 / JASEM / 무법지
100.0,COH2 / 컴퍼니 오브 히어로즈 2 - 아덴 어택
101.0,컴퍼니 오브 히어로즈 2 - 케이스 블루 미션 팩 / 토탈 워: 쓰리 킹덤즈 사운드트랙
102.0,통제
103.0,딥 데플레인 / 큐브 러너 / 백설공주
104.0,방어 그리드: 각성
105.0,디트로이트: 인간이 되자
106.0,다이 영: 프롤로그
107.0,낙서신
108.0,유로파 유니버설리스 4
109.0,파이널 판타지 7 ps 5 버전의 무료 업로드.
110.0,2021년 축구 감독
111.0,풋롤: 에픽 페일 리그
112.0,무료 게임 컬렉션
113.0,프로스트펑크
114.0,프로스트펑크
115.0,고스트 레콘 황무지 - 타락한 유령
116.0,하데스
117.0,헬포인트
118.0,Horizon Chase Turbo / Sonic Mania
119.0,Horizon Zero Dawn: Complete Edition 40% »
120.0,나는 꽃 / 미니언 마스터즈 + 모르다스 말레딕션 DLC를 좋아한다.
121.0,중간 랜드
122.0,Jagged Alliance 1: Gold Edition / Titan Quest Anniversary Edition
123.0,발길질 특공대
124.0,레저복 래리 - Magna Cum Laude Uncut
125.0,레저복 래리 2
126.0,레저복 래리 3
127.0,레저복 래리 5
128.0,레저복 Larry 6 - 몸매 가꾸기 또는 탈피
129.0,레저복 Larry 7 - Love for Sail
130.0,라이트피시
131.0,로리아
132.0,모자장수 마빈
133.0,minion masters - mordar's malediction / 에셋 5가지
134.0,미니언 마스터스 - 아웃랜디시 작동 / 언리얼 엔진 자산 5종 / 로열 디펜스
135.0,마더건쉽 / 트레인 심 월드 2
136.0,기타 현실 박물관 / Unreal Engine Asset 5 유형 / 심층 공간 이상 현상
137.0,NBA 2K21
138.0,니오: 더 컴플리트 에디션
139.0,옵셔널레이션/오프월드 무역 회사
140.0,원비트 아레나
141.0,"파크 야구 22 할인 중 41,000원 -> 10,250원입니다. 10월 29일 새벽 1시까지."
142.0,너무 익었어! 2 / 지옥은 다른 악마다
143.0,PS4 Last of Us II Ellie Edition.
144.0,PS4 Kingdom Hearts 3는 한국어로.
145.0,PS5 서브노티카
146.0,펍지 배틀그라운드 50% 할인
147.0,반란 은하 / 청소부
148.0,렌조 레이서
149.0,신비로운 섬으로 돌아가기
150.0,신비로운 섬으로 돌아가기
151.0,신비로운 섬으로 돌아가기 2
152.0,러너닷
153.0,세인트 로: 세 번째 리마스터드
154.0,섀도우런 3부작
155.0,보호됨
156.0,스컬 로그
157.0,소냐: 위대한 모험
158.0,스피드 브롤 / 타르시스
159.0,주말에 열리는 닌텐도 스위치 메인 이벤트 SSG.
160.0,스틸 라이프 2
161.0,Surviving Mars - DELEX 에디션
162.0,살아남은 화성 / 미친 우주 해적
163.0,시리아 / 시리아 II
164.0,시베리아 I & II
165.0,왜 1장인지 말해라
166.0,이유를 말해보세요: 1-3장.
167.0,사자의 노래
168.0,밈스 비기닝
169.0,밈스 비기닝
170.0,스펙트럼 후퇴
171.0,더 위처 3: 와일드 헌트 - 올해의 게임 에디션
172.0,위처 구디스 컬렉션
173.0,타이탄 소울스
174.0,톰 클랜시스 고스트 레콘
175.0,트라이얼 퓨전
176.0,보이드 서슨스/유카-레이리
177.0,VR 게임 하프라이프 알릭스 하프라이프 알릭스 등.
178.0,방황: 트랜스시베리아/정물화
179.0,워해머 언더월드: 온라인 / 미니언 마스터 - 스크랫 침입 / 워해머 해골 숫자...  22 [디지]
180.0,속삭이는 버드나무
181.0,윌 글로우 더 와이프
182.0,위처 구디스
183.0,예스터데이 오리진
184.0,요쿠 아일랜드 특급
185.0,샤오미 라우터 ax3000
186.0,"Asus 라우터, ax88u 등등."
187.0,Asus ax88u 라우터.
188.0,Asus TUFAX3000 라우터.
189.0,IP 시간 AX2004BCM
190.0,IP 시간 AX2004BCM
191.0,AP 타임 AX2004M
192.0,ASUS RT-AX82U 무선 라우터 및 기타 35% 할인.
193.0,ASUS RT-AX88U 유선/무선 라우터
194.0,ASUS TUF Gaming AX3000 유선/무선 라우터.
195.0,ASUS WiFi 기가비트 무선 라우터 AC2900 | 듀얼 밴드
196.0,Asuszenwifext8 라우터
197.0,iptime 기가 와이파이 라우터.
198.0,iptime A8004t-xr 유선/무선 라우터
199.0,Netgear RAX20 AX1800 라우터
200.0,SK세븐 모바일 유심.
201.0,- 롯데카드에 가입하면 70포인트가 됩니다. - 디지.
202.0,디스코드 니트로 3개월 패스
203.0,1+1 신지 루프 핑거스트랩.
204.0,1+1+1 에어 쿠션 범퍼케이스.
205.0,롯데 공기청정기 21년. 1+1.
206.0,3.5 piox 단자 Bluetooth 변환 성별 / Bluetooth 수신기
207.0,"3개월 스트리밍, 월 100원 + 행운의 기계 복권 88."
208.0,3배출구 접지 멀티탭 250V 10A.
209.0,4-조인트 스마트폰 태블릿 홀더.
210.0,모든 TiVo 스트림 4K로 가격을 낮춥니다.
211.0,가젯 HUD GHD9000.
212.0,\\
213.0,강화유리 필름 10개.
214.0,갤럭시 스마트 태그.
215.0,"갤럭시 스마트 태그 EI-T5300 29,700원입니다."
216.0,갤럭시 S 펜 프로 EJ-P5450
217.0,골프 거리 측정기 크라운 시커 에어샷 프로 CSGOLF01.
218.0,골프 콜어웨이 거리 측정 장치 300pro.
219.0,그거 좋군요. 휴대용 무선 진공 압축기 + 압축 팩 9개.
220.0,그거 좋군요. 휴대용 무선 진공 압축기 + 압축 팩 9개.
221.0,교육 할인 품목 + 10% 쇼핑백.
222.0,구강 세척제 FC188 물통 1L.
223.0,Google 4세대 Chromecast 4K.
224.0,구글 4세대 크롬캐스트 4K HDR 리모컨은 2020년에 포함되었다.
225.0,구글 4세대 크롬캐스트 4K HDR 리모컨은 2020년에 포함되었다.
226.0,Google Chromecast + Nest Mini AI 스피커.
227.0,Google Chromecast 4K.
228.0,Google Chromecast 4k.
229.0,Google Chromecast 4K + TV 스틱 리모컨입니다.
230.0,Google Chromecast 4k Snow.
231.0,Google Chromecast 4k Snow.
232.0,Google Chromecast Google TV 4K 지원 Snow.
233.0,"구글 크롬캐스트 구글TV 4k 지원 스노우 61,660원 20원 [디지]"
234.0,"구글 크롬캐스트 구글TV 4k 지원 스노우 61,660원 33원 [디지]"
235.0,Google Chromecast with Google TV 4K.
236.0,한국 정크발 오큘러스 퀘스트 2 256G VR 헤드셋 팩입니다.
237.0,코리안 준발 오큘러스 퀘스트 2 256GB.
238.0,한국 정크발 오큘러스 퀘스트 264G VR 헤드셋 팩.
239.0,한국 정크발 오큘러스 퀘스트 264G VR 헤드셋 팩.
240.0,GOUBNE 디지털 상품권 2만 원.
241.0,글쓰기 프로.
242.0,글러브를 끼고.
243.0,글쓰기 프로.
244.0,모든 TiVo 스트림 4K를 냉각시킵니다.
245.0,나이트코어 티키.
246.0,네이버 클로바 램프.
247.0,노바리빙 LED 스마트 인바디 스케일.
248.0,이제 에어프라이어 4L.
249.0,녹색 십자 X1 혈압 게이지.
250.0,눈 마사지기.
251.0,니콘 미러리스 카메라 렌즈 컬렉션 특가/사은품 17입니다.
252.0,다원 AI 스마트 플러그.
253.0,Dynamic 2020 DDP3000.
254.0,Dyson Air Lab Styler 완료.
255.0,Dyson Air Lab Styler 완료.
256.0,다이슨 에어랩 스타일러 완전 리퍼.
257.0,Dyson Air Lab Styler Complete Pink.
258.0,다이슨 에어랩 완전 길어요.
259.0,다이슨 에어랩 완전 길어요.
260.0,다이슨 HD03.
261.0,월스트리트의 늑대 말고도 15편의 영화가 있어요.
262.0,데온) ps5 듀얼 센스 화이트
263.0,데이터 2GB 요금제.
264.0,VideoProc 4.2는 비디오 다운로드 및 편집 프로그램입니다.
265.0,디지털 요리 타이머 FT6008.
266.0,딜라이브 플러스 OTT 셋톱박스 H5.
267.0,오래된 거야.
268.0,라미 알스타 S 펜.
269.0,라이징 5 매티스 3600 멀티팩.
270.0,레브론 각질제거기.
271.0,레이저 제품 30% 할인.
272.0,레이코 롱 라운드 굴뚝형 가습기 3.7L.
273.0,주거지와 파일을 정리하는 프로그램인 Revo Uninstaller Pro 3.
274.0,로이닉 분유냄비.
275.0,로지텍 콤보 터치 12.95입니다. 5세대를 위해서.
276.0,Logitech G923 핸들 + 시프터 + GT-LITE 시트
277.0,Logitech Korea 정품 블루 예티 마이크.
278.0,"Logitech Korea G923, 시프터 패키지. 레이싱 시트 선물."
279.0,"로티세리 파워풀 캠핑 바비큐 그릴, ROTO-Q 360."
280.0,롯데 12kg 아이스메이커 LIM-1200.
281.0,롯데 마이크로파 23L 900W 블랙/미러
282.0,롯데 온) 버즈 프로... 16만 5천 원.
283.0,Le Leh 분유 냄비.
284.0,RediBooks Paper Pro + RediSelect 12개월 경과.
285.0,리하스는 무선 포트야
286.0,Linksys Bellop 듀얼 밴드 메쉬 라우터 2 팩.
287.0,Microsoft Office 2019 Home & Student Card Type.
288.0,크루셜 발리스틱스 DDR4 8G PC4-25600 블랙
289.0,마인드맵 프로.
290.0,시장 - 블루밍 비데
291.0,만도 애프터 V3.
292.0,만도 애프터 블로우.
293.0,마비스 미니2 콤보 국민카드 할인입니다.
294.0,매직 셰프 스팀 아이언 MEGS-Y873입니다.
295.0,차량용 Mono Lab Max 안전 스탠드 충전기 환기 유형
296.0,NBH100 암을 모니터링합니다.
297.0,모두의 계획.
298.0,몽경화 노래방 마이크.
299.0,MIRACLE M 블루투스 마이크 더싱 M200.
300.0,Miracle M 블루투스 마이크 M37 미러 볼이 증정되었습니다.
301.0,"Mi-box S, Mi-TV 스틱."
302.0,타입 C의 미스터 트로트 스마트 이어폰 패키지.
303.0,미TV 스틱.
304.0,신체척도 XSC-102의 균형.
305.0,뱅앤올룹슨 이어셋.
306.0,"베이스스 점프 시동 12,000마하"
307.0,"BASEUS 차량 점프 시동 12,000마하"
308.0,BASEUS & 70mai jump starter.
309.0,"BenQ 3,600 ANSI XGA 해상도 EX600 Android 프로젝터."
310.0,BenQ 4K UHD 빔 프로젝터 W1700M + 60인치 화면 증정
311.0,BenQ W1050 FHD 홈 시네마 프로젝터.
312.0,보령 메디언스 브라운 인증 브라운 체온계 IRT-6030입니다.
313.0,14리터 길이의 에어프라이어입니다.
314.0,Bushnell TOUR V4 변속 거리 측정 장치_AS 2년 무료
315.0,"북앤라이프 도서문화상품권 5,000원."
316.0,브라운 3 시리즈 전기 면도기 310S.
317.0,"갈색 면도기 5, 7, 9 시리즈"
318.0,갈색 면도기 클렌저 8병.
319.0,갈색 면도기 시리즈 99390CC.
320.0,갈색 비접촉 적외선 온도계 BNT 400/ASABLE/BNT-400
321.0,브라운 시리즈 9 전기면도기 9395CC + 코 헤어청정기.
322.0,갈색 전기면도기 9395cc + 블레이드 네트.
323.0,"브라운 전기면도기 시리즈 770-S7000CC+코 헤어청정기 쿠폰 적용 133,200"
324.0,브라운 전기 면도기 신제품 시리즈 99399cc GOLD + 6가지 추가 세척액
325.0,갈색 면도기 9385cc.
326.0,갈색 면도기 9395cc + 전용 블레이드 + 4Cr.
327.0,갈색 온도계 IRT-6030.
328.0,Blue Air Classic 500/600 시리즈 입자 필터.
329.0,블루투스 라디오 HIFI 미니 앰프 BT-298A.
330.0,[닥스키즈] 비스포크 식기세척기 DW60T8075FG 12인용
331.0,빅스마일 데이 리버스 G2 VR 기기입니다.
332.0,삼성 원홀 유도 NZ31R3707AK.
333.0,삼성 23L 전자레인지.
334.0,삼성 2홀 유도판 컨테이너 포함.
335.0,삼성 건조기 그란데 패키지 블랙 16kg + 23kg DV16T8520BV + WF23T8000KV
336.0,삼성 공기청정기 블루 스카이 3000 AX40T3320WMD.
337.0,삼성 공기청정기 정품 필터 CFX-G100D.
338.0,Samsung Ramie Alstar S Pen.
339.0,삼성 블루 스카이 공기청정기 1+1
340.0,삼성 비스포크 마이크로파 MS23T5018오.
341.0,자동 설치용 삼성 스마트 도어락 SHP-P71F 푸시풀 지문인식 도어락
342.0,"삼성 스마트 IPTV, 넷플릭스, 스마트허브를 포함한 S32AM500입니다."
343.0,삼성 에어 드레서 DF60T8300WG 3종 세트입니다.
344.0,"삼성 에어 드레서 DF60T8300 3세트 799,000/무료"
345.0,"삼성 에어 드레서 DF60T8300WG) 849,000원 / 무료배송) 국민카드 결제 725,900원"
346.0,삼성하만카돈3강당.
347.0,삼성 공기청정기 리퍼 AX100N4020WD
348.0,Samsung Grande AI 16kg 패키지 블랙 DV16T8740BV+ WF21T6500KV
349.0,Samsung Grande AI 16kg 패키지 블랙 DV16T8740BV+ WF21T6500KV
350.0,삼성 블루 스카이 AX60A5510WSD 18평
351.0,삼성전자 그란데 AI 건조기 DV16T8740BW 16kg
352.0,삼성전자 그란데 AI DV16T8740BW
353.0,삼성전자 그란데 AI WF21T6500KV+ DV16T8740BV
354.0,삼성전자 양문형 냉장고 3도어 846L RS84T5041WW
355.0,삼성전자 MUF-128BE3 USB 바 플러스.
356.0,San Disk 듀얼 GO 유형-COTG 32GB USB 메모리.
357.0,San Disk Extreme PRO USB CZ880 256GB.
358.0,모래 디스크 usb3.0 128g.
359.0,샤오미의 9bot MAX.
360.0,샤오미 모기장. 최근 거. 1+1.
361.0,"샤오미, 글로벌 복싱"
362.0,샤오미 박스 S 글로벌 버전.
363.0,샤오미 박스의 글로벌 버전입니다.
364.0,"샤오미, 미아 펌프."
365.0,"샤오미, 미아 휴대용 공기펌프"
366.0,"샤오미 브랜드 할인, 적외선 온도계 등."
367.0,"샤오미, 수카스, 전기면도기 등."
368.0,샤오미 공기 펌프.
369.0,샤오미는 23개의 열 습도계를 가지고 있다.
370.0,샤오미 차량용 에어 펌프 에어 인젝터 라이트닝/속도 분사/타이어 공기압 점검/480g 초경량
371.0,샤오미 차량용 에어 펌프 에어 인젝터 라이트닝/타이어 공기압 점검/480g 울트라라이트/2600mAh 배터리
372.0,샤오미의 체중계 2.
373.0,샤오미 펌프.
374.0,"샤오미 미TV 스틱, 미박스, 샤오미 공기주입."
375.0,샤오미 완보 홈 빔 프로젝터 T2 Max.
376.0,샤크의 s0 게임패드.
377.0,세그웨이 나인봇 es4 전동킥보드.
378.0,세그웨이 나인봇 ES4 전동킥보드.
379.0,쉐이퍼 마사지 건 두 자루.
380.0,Sony PS5 바디 + 듀얼 센스 무선 컨트롤러
381.0,삼성전자의 정품 다기능 SL-T1670W.
382.0,숨쉬기 & 케어 가열된 8리터 가습기.
383.0,쉐이크 쉐이브 가드 쉐이빙 젤/쉐이빙 폼 x 3+라임 폼 60g
384.0,"12% 수프 + 15% 카드, 99.9% 무선 건조 + 칫솔 살균기."
385.0,스마일 바디 무선 뷰러.
386.0,스마트폰/태블릿 휴대용 접이식 거치대
387.0,스마트핏 알루미늄 일체형 스마트폰 홀더.
388.0,스마트 하이브리드 충전식 무선 센서 등 NS-520
389.0,스타워즈 에어 서큘레이터 팬 WDF-601CL.
390.0,스테들러 점보 S 펜입니다
391.0,편리한 다리미 ALT-1166을 찌세요.
392.0,"스팀보이 온수매트 st20-f21 싱글/퀸 135,000원 8입니다."
393.0,Synology DS1819+.
394.0,Synology DS220+.
395.0,Synology DS220+.
396.0,Synology ds220+ + Iron Wolf 8TB
397.0,Synology DS220+ 2Bay NAS.
398.0,Synology DS220+ 2BY NAS.
399.0,Synology DS220J.
400.0,Synology DS220j.
401.0,Synology ds920 이상.
402.0,Synology ds920+ + Iron Wolf 2TB
403.0,Synology DS920+ 및 기타.
404.0,시놀라지 DS1520+.
405.0,신제품 안마의자 르네 HT-N03A/AS24개월.
406.0,"신지 루프, 1+4."
407.0,신지모루의 실리콘 끈.
408.0,신지모루 전 모델 휴대폰 스트랩 손 어깨
409.0,Thinkway AM5 USB 오디오 믹서.
410.0,아웃피터 자동 아이언 시리즈.
411.0,아이닉의 대형 오븐형 에어프라이어 11만 9천 원입니다.
412.0,이닉 에어프라이어 AO-16L
413.0,I Road Privacy QHD2 채널 블랙박스.
414.0,I-링의 원래 독을 사은품으로 드립니다.
415.0,"IZ Mobile 161GB+day 2G+3M 음성, 무제한 텍스트."
416.0,아쿠아픽.
417.0,알루미늄 노트북 홀더.
418.0,애플 매직 트랙 패드 2 스페이스 그레이.
419.0,애플 펜슬 2세대.
420.0,애플 펜슬 2세대.
421.0,애플 펜슬 2세대.
422.0,애플 펜슬 2세대.
423.0,애플 펜슬 2세대.
424.0,애플 펜슬 2세대.
425.0,애플 펜슬 2번.
426.0,애플 펜슬 2. 애플 펜슬 2세대.
427.0,애플 펜슬 2세대 MU8F2KH/A.
428.0,응용 프로그램에 연결할 수 있는 체중입니다.
429.0,에너자이저 패밀리 팩 AA/AAA. 각각 24개입니다.
430.0,에스원 세이프 모바일 유심.
431.0,S1 유심 - S1 SKT 네트워크 알뜰폰.
432.0,에어드레서 DF60T8300WG/
433.0,에어랩이 오래 걸립니다.
434.0,에어랩 완전장기출고./ 신한카드 10% 할인
435.0,애플 펜슬 2세대.
436.0,Xbox 패드의 4세대.
437.0,Objet 식기세척기 dubj2ea.
438.0,"Oella 무선센서 바 24,900원, 배달 불가. 13."
439.0,OELINE BODY 스마트 체중계.
440.0,온라인 강좌가 몇 개 있습니다.
441.0,"위닉스 10L, 16L 제습기."
442.0,위닉스의 올바인 가습기 7.5리터.
443.0,Windows 10 Home FPP 할인.
444.0,Windows 10 Home FPP.
445.0,Windows 10 Home FPP.
446.0,10번 창구 홈 FPP.
447.0,10번 창구 홈 FPP.
448.0,윌라 오디오북 + 클래스 무제한 회원권 12개월 이용권.
449.0,유닉스 헤어 드라이어 2100w.
450.0,ULike IPL 셀프 레이저 제모기 UI04M
451.0,"유튜브 프리미엄은 3개월, 월 9,500원입니다."
452.0,음악 감상 분위기. 1개월에서 5개월까지 100% 캐시백이 가능합니다.
453.0,인증 포인트 삼성 무풍 큐브 공기청정기 AX94T9360WWD
454.0,일월 듀얼 하트 온수매트 플러스 싱글입니다.
455.0,자동 센서 핸드워시 디스펜서 1+1.
456.0,자동 센서 핸드워시 디스펜서 1+1.
457.0,전동코털제거기/고속모터/스타일수첩/안전날/코털수축기
458.0,전자담배 글로프로.
459.0,"접이식 탁상용 핸드폰 거치대, 흰색."
460.0,JESPA SD 웨이브 이펙트 쿠션 넥 숄더 마사지 ZP958.
461.0,주방 저울.
462.0,G마켓) LG DIOS 김치 톡톡 김치 냉장고 K335S14E
463.0,차종별로 LED 조명이 달린 울티논 E셀 G2.
464.0,"KAO STORE 유무선 89,000원 + 최초구매 할인쿠폰 5,000원 입니다."
465.0,코렐 듀오 60.
466.0,코렐 인스턴트 냄비 듀오 크리스프 8L입니다.
467.0,쿠쿠 3홀 유도 범위.
468.0,쿠쿠 올 인덕션.
469.0,쿠쿠 올 인덕션.
470.0,쿠팡) 4무비 주사위 빔 프로젝터
471.0,Q-Delix 5K.
472.0,크롬캐스트 4.
473.0,나는 크롬캐스트 4의 재고를 다시 가지고 있다. ~
474.0,크롬캐스트 4K.
475.0,크롬캐스트 4K.
476.0,Chromecast 4k는 품절입니다.
477.0,크롬캐스트 4K는 73900원을 지원합니다.
478.0,Chromecast Ultra 4K.
479.0,크롬캐스트 4K.
480.0,크리에이티브 사운드 블라스터 X G1/G5.
481.0,킹스톤 USB 32GB.
482.0,테이블 알람 시계.
483.0,틴더 플러스/골드
484.0,"Panasonic LV97 면도기, 충전기 포함."
485.0,Live AI 3 Stick 타입의 Navigation을 찾아보세요.
486.0,라이브 AI2 스틱을 찾으십시오.
487.0,Live AI3 Navigation을 찾습니다.
488.0,Live Q30S Navigation 16GB를 찾아보십시오.
489.0,파인 캐디 골프 거리 측정 장치.
490.0,프리즘 LED 대형 스탠드 브로드윙 KSP-9000 색상 다양성
491.0,필립스 1200 라떼 클래식 EP1224/03
492.0,필립스 1200 풀 오토매틱 에스프레소 커피 머신 EP1224/03
493.0,필립스 1200 풀 오토매틱 에스프레소 커피 머신 EP1224/03
494.0,필립스 라떼 고등학교 3200 에스프레스 머신 EP3246/73
495.0,필립스 커피 머신 EP2221/43
496.0,Philips HUE 4.0 라이트스트라이프 블루투스.
497.0,필립스 스킨IQ 5000 시리즈 S5586/64
498.0,필립스 쉐버 9131입니다.
499.0,필립스 사에코8829 자동 커피 머신.
500.0,High1 Plus SL-620 ZUKI형 디지털 도어 잠금 장치 + 카드 키.
501.0,홈 스마트 리모컨. 1+1!
502.0,호소다 마모루가 감독한 그 영화는 무료입니다.  72 [디지]
503.0,휴 플레이 라이트 바 더블 팩 IOT LED 바입니다.
504.0,휴대용 믹서기.
505.0,ASUS Wi-Fi 6 라우터.
506.0,BLDC Unix 헤어 드라이어 A4001S.
507.0,"CAD USB 사이드 주소 마이크 - 스튜디오, 팟캐스트 및 스트리밍에 적합"
508.0,CHOETECH
509.0,스튜디오 페인트 PRO 클립
510.0,콜로톤
511.0,11만원 상품권 & 유심 스마트 6GB+
512.0,데이터를 공유하는 데 120분 걸립니다.
513.0,지 오즈모 주머니 1.
514.0,DJ I MINI 2 플라이모어 콤보.
515.0,DJIOM 4 접이식 이동 짐벌.
516.0,DJI OM 4 SE
517.0,DJ Iosmo Pocket Osmo Pocket.
518.0,내장형 LG 식기세척기 두브22사.
519.0,Esr iPad 연필 + 교체용 펜 2개.
520.0,이노3D 지포스 RTX 3070 TiX3 OC.
521.0,KTM 모바일 NFC 지원 USIM.
522.0,LG 디오시 식기세척기 DFB22W.
523.0,LG 씨네빔 프로젝터 할인전.
524.0,LG 시네빔 HF65LA Ultra-Focus 빔 프로젝터.
525.0,LG DIOS 식기세척기 DFB22M.
526.0,LG Cinebeam PF50KA 빔 프로젝터.
527.0,LG Cinebeam PF50KA FHD 빔 프로젝터 미니 빔.
528.0,"LG씨네빔 PF50KA FHD빔프로젝터 미니빔 558,000원 13원입니다."
529.0,LG전자 시네빔 PF50KA 빔프로젝터 배터리가 내장됐다.
530.0,LG전자 퓨리케어 AS301 DNPA 공기청정기.
531.0,M 플레이트 출시 기념으로 50% 세일.
532.0,MS Windows 10 Pro. 처음 사용자를 위한 Windows Pro FPP.
533.0,MIMAG B550M 박격포.
534.0,노드VPN 2년 + 3개월.
535.0,페이지 11용 레노버 펜.
536.0,PF50KA
537.0,PF50KA 미니 빔.
538.0,필립스 필립스 1200 풀 오토매틱 에스프레소 커피 머신 EP1224/03
539.0,프리소너스 E4.5 BT.
540.0,PSN 12개월.
541.0,PSN Plus 12개월 이용권 / PSN 12
542.0,리테케스 TR107 AM/FM 포켓 라디오.
543.0,SanDisk Ultra Dual Go Type-C OTG 128GB
544.0,SK 세븐 모바일 알뜰 요금 무약정 일반 USIM
545.0,SK 매직 식기세척기 DWA-8006B/8001D
546.0,SK터치온플러스 식기세척기 DWA81U5B - 97만원.
547.0,작업 표시줄X
548.0,이유를 말해봐 / 전장 4의 중국 굴기
549.0,마지막 시간
550.0,씽크에어 AD12C 12평 공기청정기.
551.0,티보 스트림 4K
552.0,티보 스트림 4K
553.0,티보 스트림 4K
554.0,티보 스트림 4K
555.0,티보 스트림 4K
556.0,UM2 150w QCPD150w/블랙
557.0,여행과 가정에서 사용할 수 있는 휴대용 구강 세척기 워터픽 워터플.
558.0,WayGoal Mini Projector Movie Projector LED 램프 실외 150인치
559.0,세계 음악의 날 무료 경품 행사
560.0,xsonic 모바일 오디오 인터페이스.
561.0,ZOTAC GAMINGE RTX 3070 트윈 에지 OC D6 8GB LHR
562.0,2021년형 LG 16인치 그램 16ZD90P-GX56K.
563.0,"4시간 타임 딜 FX516PM-HN002 Intel 11th, RTX3060"
564.0,"갤럭시 북 프로, 13인치 이상입니다."
565.0,그램15 15ZD95N-GX5MK LG 노트북
566.0,Lenovo Slim 5 15 아이디어 패드 15ALC.
567.0,레노버 아이디어 패드 슬림3.
568.0,레노버 아이디어 패드 슬림3-15ITL 5DX.
569.0,레노버 V15 라이젠3 3250U/4GB/1TB
570.0,지역 5 Pro 16ach 맞춤 제작.
571.0,MacBook Air M1 256g/8g.
572.0,삼성 갤럭시북 플렉스 알파 NT730QCR-A716A + 24인치 모니터 3만원.
573.0,"삼성 노트북 갤럭시 NT750XDA 15.6인치 811,850원"
574.0,삼성전자 갤럭시 북 프로 NT950XDY-A51a
575.0,Samsung Electronics Galaxy Book NT750XDZ-A51A
576.0,Super Deal ASUS X515EA-BQ040 비용 효율적인 노트북
577.0,스위프트 3 SF314-43 R5 신스틸러 2 실버.
578.0,"Apple MacBook 에어 실버, 스페이스 그레이 m1."
579.0,Acer Swift 3 노트북 SF314-59 플라이 i5 MAX
580.0,ASUS 2021 TUF 게이밍 15.6 노트북
581.0,에버 쇼핑 페스타 삼성 갤럭시 북 프로 NT950XDX-G51A.
582.0,터치 스크린 플립 북.
583.0,"Apple MacBook Air M1 256GB, Space Gray 및 KB Card를 사용할 경우"
584.0,ASUS X515EA-BQ041 사전 주문
585.0,HP 빅토리우스 16-e0141AX+RAM 8GB 업그레이드
586.0,HP Victor 16-e0105AX 5600H/3050TI 노트북
587.0,MSI B4MW-R5
588.0,Microsoft Skurft Egonomic 데스크톱 세트.
589.0,사무실 컴퓨터 두 대.
590.0,스컬프트 에고노믹 데스크톱 세트.
591.0,Appco WKM620 TKL 무선 미니 데스크톱 세트 3종
592.0,Appco WKM650 무선 데스크톱 세트 3종
593.0,컴퓨터 상승 5600X/RTX3060TI LHR/16GB/500G
594.0,맘무 컴퓨터 5600X/RTX3070TI/16GB/500G 상승
595.0,맘무 컴퓨터 5600X/RTX3070TI/16GB/500G 상승
596.0,라일락/블루 G304
597.0,레이저 바실리스크. 충전소를 포함한 할인.
598.0,레이저 바실리스크 얼티밋.
599.0,레이저 바실리스크 X 하이퍼스피드 게이밍 무선 마우스
600.0,레이저 바실리스크 X 하이퍼스피드 게이밍 무선 마우스
601.0,레이저 바실리스크 X 하이퍼스피드 게이밍 무선 마우스 RC30-031501
602.0,레이저 데스애더 V2 미니 유선 마우스 RZ01-0334
603.0,Logitech Gaming 제품.
604.0,Logitech mouse 아무데나 2s.
605.0,Logitech mouse 아무데나 2s.
606.0,Logitech 마우스 MX MASTER 3.
607.0,Logitech 정품 MK295 노이즈 키보드/마우스 콤보
608.0,Logitech Korea G304 K/DA 게이밍 마우스 롤 2년 보증입니다.
609.0,Logitech Korea 프록시 슈퍼라이트입니다.
610.0,Logitech G304 / G502 마우스 K/DA Edition.
611.0,"로지텍, g304, 라일락 등. 네 가지 색깔."
612.0,로지텍 G304 라일락 컬러.
613.0,"Logitech G304 Wireless 마우스, G903 마우스."
614.0,동시에 Logitech G304 Wireless Black.
615.0,로지텍 G304의 모든 색상.
616.0,로지텍 G304 광속입니다
617.0,Logitech G304 광속 무선 게임 마우스.
618.0,Logitech G502 게임용 무선 광속 컬렉션 딜
619.0,Logitech G502 게임용 무선 광속 컬렉션 딜
620.0,Logitech G502 Wireless Gaming Mouse.
621.0,Logitech G604 Wireless Gaming Mouse.
622.0,Logitech M590 노이즈 없는 다중 무선 마우스 빨간색 제한.
623.0,Logitech MX 인체공학적 수직 마우스.
624.0,Logitech mxnywhere 2s jeongbal/black.
625.0,Logitech mxnywhere 3.
626.0,Logitech MX Vertical.
627.0,Logitech X Landers WEEK.
628.0,Logitech Korea Logitech G 프록시 슈퍼라이트 무선 게임 마우스 2년 보증
629.0,로지텍 코리아 페블 m350
630.0,Logitech Korea G102 2세대 LIGHTSYNC 마우스 정품입니다.
631.0,Logitech Korea G304.
632.0,Logitech Korea G304 Wireless Mouse입니다.
633.0,"Logitech Korea M590 FLOW 기능, 무소음 무선 마우스."
634.0,로지텍 코리아 MX 마스터 3(Mac용)
635.0,Logitech Korea mx master3 마우스입니다.
636.0,Logitech Korea 프록시 슈퍼라이트 무선입니다.
637.0,마우스/마우스/마우스 외에 33가지 종류의 리퍼.
638.0,마이크로소프트 스컬프트 에고노믹 마우스.
639.0,마이크로소프트 스컬프트 에고노믹 마우스.
640.0,마이크로소프트 스컬프트 에고노믹 무선 마우스.
641.0,마이크로소프트 스컬프트 에고노믹 인체공학적 마우스.
642.0,마이크로소프트의 Egonomic Bluetooth 마우스.
643.0,마이크로소프트 스킵 인체공학적 스컬트 에고노믹 무선 마우스.
644.0,MACHAR RX-589 소음이 없는 빠른 Bluetooth + 무선 마우스.
645.0,무선 Bluetooth 마우스 MX Anywhere 3.
646.0,무선 Bluetooth 마우스 MX Anywhere 3.
647.0,Viper Ultimate Mouse.
648.0,AnKER ANKER 2020 인체공학적 무선 수직 마우스.
649.0,Enbow 2 Channel Bluetooth 무선 마우스 NG02.
650.0,진짜 무선 마우스.
651.0,진짜 무선 마우스.
652.0,정품 무선 마우스 MX Anywhere3.
653.0,Cersair KATAR PRO. 유선 게이밍 마우스.
654.0,한국 G304 K/DA 게이밍 마우스 리그 오브 레전드 등.
655.0,G304 라일락 색상.
656.0,G304 G PRO X 슈퍼라이트
657.0,M590 Logitech Wireless Mouse Red Limited.
658.0,M590 Logitech 노이즈 없는 마우스.
659.0,Microsoft Skip 인체공학적 마우스 단일 제품
660.0,MSIGHM41 울트라라이트 무선 게임 마우스.
661.0,RAPOO V330 유선 8버튼 게이밍 마우스.
662.0,ROCCAT KONE PRO AIR RGB 무선 게임 마우스.
663.0,ROCCAT KONE PURE ULOCCAT PURE ULTRA Gaming Mouse.
664.0,삼성 메모리 카드 256GB.
665.0,삼성 메모리 카드 512g.
666.0,삼성전자 DDR4 16G PC4-21300 메모리
667.0,"Cercair Dominator Platinator, RGB 64GB."
668.0,코르세어 메모리 브랜드 위크 / 행사 전 품목 30% 할인.
669.0,클레브 16G PC4-25600 CL16
670.0,PNY XLR8 DDR4 메모리 3600 Gaming 8GB x2 및 2회 추가 할인.
671.0,SF-E64 64GB 메모리 Sony SDXCC10 EUHS-II U3 읽기 270MB 쓰기 70MB
672.0,1번가 부소닉 VX2718-PC-MHD 1500R 커브 165 게이밍 모니터
673.0,29WP500 29인치 울트라 와이드 모니터.
674.0,기가바이트 27인치 IPS 패널 144Hz 게이밍 모니터 등
675.0,기가바이트 34\\
676.0,기가바이트 G24F FHD 24인치 모니터.
677.0,Del 27 모니터 SE2722H 3년 무상 보증.
678.0,DelMonitor S2721DGF 27 타입 게이밍 모니터.
679.0,라이크 미 울트라 D8201L UHD 4K HDR 82인치 TV LG IPS 패널.
680.0,라이크 미 울트라 D8201L UHD 4K HDR 82인치 TV LG IPS 패널.
681.0,레노버는 씽크비전 M14t를 모니터한다.
682.0,BenQ 모니터 리퍼 특별 가격.
683.0,벤큐 XL2546K.
684.0,삼성 27인치 모니터 C27R502 베젤리스 커브드 LED 모니터.
685.0,삼성 32인치 스마트 모니터.
686.0,삼성 32인치 UHD 4K 모니터 U32J590.
687.0,삼성 모니터 S27R35A.
688.0,Samsung Smart Monitor M5 27인치.
689.0,Samsung Smart Monitor M5 S32AM500.
690.0,Samsung Odyssey g5 27인치 모니터.
691.0,삼성 커브드 모니터 LC27R 500FHKXKR.
692.0,삼성 C34H890WGASS 기능이 포함되어 있습니다.
693.0,삼성 G9 모니터 C49G95T.
694.0,삼성 WQHD S34J550 측정소
695.0,삼성 모니터 Ultra wqhds34j550
696.0,삼성 모니터 S24R350F 할인쿠폰 이벤트 7% 결선.
697.0,Samsung Smart Monitor M7 32인치 uhd 4k.
698.0,삼성전자 27인치 FHD 게이밍 모니터 오디세이 G3 F27G33t
699.0,삼성전자 오디세이 G3 S27AG300 144Hz 27인치 피벗 게이밍 모니터.
700.0,숀 스마트 모니터 43인치 최대 5184505050입니다
701.0,스마트 모니터 M7 S43AM700 107.9cm 4K UHD 넷플릭스 유튜브.
702.0,스마트 스크린은 내 곁에 있어줘.
703.0,알파 스캔 Q27G2S 27인치 모니터 IPS QHD 155Hz 차이크 결함
704.0,사용된 Dell p2217h 22인치 ips 모니터 fhd
705.0,TV/게임/스마트 모니터 권장사항 4종.
706.0,Cunix QHD27L REAL 165 나노 IPS 결함
707.0,큐닉스 QX32QHD 리얼 165 피벗.
708.0,큐닉스 QX32QHD 리얼 165 피벗.
709.0,Philips 272M Gaming 144 불량 모니터 IPS 비행기
710.0,ASUS 27인치 FHD 모니터 75Hz
711.0,Del U3219Q 모니터.
712.0,"G마켓, 옥션) Samsung Odyssey G5 C27G54t"
713.0,LG 27인치 모니터 27mp 500w.
714.0,LG 32인치 4K 모니터 32UN650.
715.0,LG 32un650
716.0,LG 게이밍 모니터 32GK850F.
717.0,LG 게이밍 모니터 32GK850F.
718.0,LG 울트라 기어 32GK850F 32인치/QHD/144Hz/무료 동기화 게임 모니터
719.0,LG 울트라 와이드 모니터 29인치 29wp500.
720.0,LG 32인치 IPS 모니터.
721.0,"LG 게이밍 모니터 27GN650 롯데카드 역대 최저가 296,860"
722.0,LG 룸앤TV 68cm TV 모니터 27TN600S.
723.0,LG 모니터 32gk850f.
724.0,LG전자 32호UN880 UHD 모니터.
725.0,고속 충전 보조 배터리 PB10 핑크
726.0,"로모스 57,000 mAh. 빠른 충전식 보조 배터리."
727.0,"Romos 57,000mAh 휴대용 배터리 PEA57"
728.0,"대용량 휴대용 배터리 57,000aMh."
729.0,"대용량 휴대용 배터리 57,000aMh."
730.0,"대용량 휴대용 배터리 57,000aMh."
731.0,Romos PEA5757000mA 고속 보조 배터리.
732.0,Romoss 57000mAh 고속 충전 보조 배터리
733.0,Romoss 57000mAh 고속 충전 보조 배터리
734.0,"Morui 30,000 mAh 고속 무선 충전 대용량 보조 배터리 WP301"
735.0,Morui 고속 무선 보조 배터리 20000 mAh WP201
736.0,"Morui 고속 무선 보조 배터리 30,000 mAh wp301"
737.0,"Morui All 표준 고속 무선 충전 10000mAh 보조 배터리,"
738.0,몬스터 130wpd 휴대용 배터리.
739.0,파란색 원/Artmu/실리콘 파워/템플라. 유무선 보조 배터리를 제외하고
740.0,"Samsung pd 20000mah, 비충전 10000mah 배터리 팩"
741.0,삼성전자 정품 무선충전 보조배터리 팩 EB-U1200
742.0,오후 10시부터 삼성전자 PD배터리 2만mAh 삼성카드 링크 적용 시
743.0,"샤오미 무선 충전대, 휴대용 배터리."
744.0,샤오미 4세대 배터리 프로 45W 2만mAh.
745.0,"SKY Wireless Layer Power 휴대용 배터리 20,000 + Starbucks 리뷰."
746.0,스카이펠 X11 Mini 10000mAh PD 충전식 초경량 보조 배터리 177g
747.0,속도 10000m아 무선 보조 배터리.
748.0,알로코리아 고속충전 PD 보조배터리 1001PD 10000m아.
749.0,Actimon C형 미니 크래들 5000mAh.
750.0,카카오프렌즈 PD의 휴대용 배터리 10000m아.
751.0,ALIO Mini PD의 휴대용 배터리 10000mAh.
752.0,1번가 169.000원 이나비 블랙박스 3500 미니9입니다.
753.0,64GB 무료 Fine View X900 POWER. 프론트 및 리어 FHD 2채널 블랙박스 33.
754.0,64GB 무료 Fine View X900 POWER. 프론트 및 리어 FHD 2채널 블랙박스 35.
755.0,만도 F5 32G FHD 2 채널 블랙박스.
756.0,Mando Q7 전면 및 후면 QHD 블랙박스 + 64G + GPS.
757.0,무료 장착 T10 시즌 2 전면 및 후면 풀 HD Wi-Fi 블랙 박스
758.0,블랙박스 샤오미 70마이 프로.
759.0,삼성의 새로운 마이크로SD 카드 128GB 메모리 카드입니다. 블랙박스.
760.0,샤오미 70MAI 4K 블랙박스 A800+ 후면 카메라.
761.0,이나비 블랙박스 옵티마 2 x 16g.
762.0,INABI 블랙박스 FXD5000 16G 출장 장착
763.0,INABI 블랙 박스 FXD7000 16GB + GPS + 무선 충전기.
764.0,이나비 블랙박스 QXD3500미니
765.0,이나비 블랙박스 QXD3500미니
766.0,이나비 블랙박스 QXD3500미니
767.0,이나비의 새로운 블랙박스 fxd7000 32g.
768.0,이나비의 FXD7000+ 사은품.
769.0,"이나비 FXD5000 기본패키지 / 전후방 FHD 2채널 189,000원 / 무료74"
770.0,INABI FXD7000 기본 패키지 / FHD&FHD 2 채널
771.0,INABI QXD5500mini 16GB 기본 패키지 신제품 출시
772.0,INABI QXD5500mini 32GB 기본 패키지.
773.0,이나비 qxd7000
774.0,INABI QXD5000 32G 연결됨
775.0,INABI QXD5000 32G 연결 프로.
776.0,난 블랙박스야
777.0,I-Road T10 시즌 2 블랙 박스 32GB 프론트 및 리어 풀 HD 무료.
778.0,I-Road TR9 블랙 박스 32GB 프론트 및 리어 2 채널.
779.0,I Road Privacy QHD2 채널 블랙박스.
780.0,AutoB AQ300 32G Q/QHD 무료 + GPS 2채널 초전력 절약 HDR 블랙박스
781.0,AutoBee AQ300 전면 및 후면 QHD+64G+GPS+무료 설치.
782.0,gmarket) iRoad QHD 블랙 박스 스컬+삼카
783.0,QXD5500mini 16GB 기본 패키지
784.0,R2 32GB 프론트 및 리어 FHD 2 채널 룸 미러 블랙 박스.
785.0,T10 시즌2 블랙박스 32GB 할인.
786.0,1+1 엑타코 핸디 팬.
787.0,공식수입: 샤오미 스마트미 2S 무선팬 + 리모컨.
788.0,휴대용 책상 선풍기 디겐 선풍기.
789.0,대우 에어 스탠드형 서큘레이터.
790.0,"보나도 에어 서큘레이터 533w + 수납 케이스 51,000원 입니다."
791.0,샤오미 17PIN 무선 팬 220V 한국 코드.
792.0,"샤오미 드림메이커 무선 선풍기, 중국판 48100원 72원입니다."
793.0,"에어킷 박스 팬, 10인치."
794.0,"엑타코 팬 1+19,90045."
795.0,엘레콤 라이크 잇 잇 핸디 팬.
796.0,WIN:DPIA 스탠드 에어 서큘레이터 컬렉션.
797.0,G마켓) iRiver 휴대용 넥밴드 팬
798.0,KM Motors 3단 트윈카 팬.
799.0,플릭 블루스핀 서큘레이터 PIK-AC360
800.0,해피 세일 코어 팬시 휴대용 선풍기.
801.0,G9} 샤오미 드림메이커 무선 팬 신제품/BLDC/한국 코드/원격 컨트롤러/국내 AS
802.0,18m LG 18kg 세탁기.
803.0,몰)삼성그란다이 일체형 세탁기+건조기 세트
804.0,Samsung Grande AI 16KG DV16T8740BW.
805.0,Samsung Grande AI WF21T6500KW + DV16T8740BW 상단 키트
806.0,Samsung Grande 세탁기 WF21T6000KV + 건조기 DV14T8520BV(삼성전자 탑 키트 포함)
807.0,LG T20VT 블랙라벨+DD모터 20kg.
808.0,LG세탁소 18kg 2020년 730.80031 출시
809.0,7.1.2 Channel flagship sound bar HW-Q900A.
810.0,공식 매출 블루투스 스피커 A9 4세대_마룬.
811.0,Google 네스트 미니.
812.0,Google 네스트 미니.
813.0,Google 네스트 오디오.
814.0,"Google 네스트 오디오, 검은색에서 스피커로."
815.0,Google 홈.
816.0,오리지널 구글 홈 ai 스피커.
817.0,LINE Friends Beo Play P2 Brown Limited Edition을 플레이합니다.
818.0,"마샬 스탠모어2 국민카드시티 305,670입니다."
819.0,마샬 액톤 2 하얀색.
820.0,마샬 킬번 2.
821.0,마샬 엠버튼 앰버튼 블루투스입니다
822.0,뱅앤올룹슨 블루투스 스피커 Beosound 탐색.
823.0,뱅앤올룹슨 탐험가.
824.0,뱅앤울룹슨 법레이 M5.
825.0,Beosound a1 2세대!
826.0,보노보스 BOS-H12 채널 북 선반 스피커.
827.0,보스 사운드 드링크 미니 2 SE.
828.0,보스 컴패니언 50.
829.0,보스 컴패니언 2.
830.0,보스 컴패니언 50.
831.0,"BR-1600BT, 브릿츠 스피커."
832.0,BR-1600BT 블루투스 스피커.
833.0,BR-1600BT 스피커.
834.0,영국 BR 1600BT 스피커.
835.0,BR-1600BT 스피커.
836.0,블루투스 스피커 피케넷 리오입니다
837.0,BR-4390BT 2.1 채널 스피커 급습.
838.0,사운드바 HW-Q950A/KR 11.1.4 채널 Q 심포니 블루투스.
839.0,Samsung HW-T450 사운드 바.
840.0,Samsung JBL Bar 2.1 Deep Bath 서라운드 사운드 바.
841.0,Samsung JBL Bar 9.1 사운드 바.
842.0,삼성전자 JBL 바 2.0이 한 사운드바에 모두 들어섰다.
843.0,"션 jblflip 5 전 색상 109,000원 / 배송 - 주문 시 65 결제."
844.0,Anker Sound Core Motion Plus 30W Bluetooth 스피커.
845.0,궁극적인 메가 붐.
846.0,에디파이어 S880.
847.0,에디파이어 S880.
848.0,오디오 엔진 A2+ BT
849.0,오디오 엔진 A2+ 무선 스피커
850.0,WeMakePrice) JBL Pulse4 Pulse4 Bluetooth 스피커
851.0,재업: 프레소너스 E3.5
852.0,Q10) Martial Acton 2 Bluetooth 스피커
853.0,"크리에이티브 기가웍스 T40 II, 크리에이티브 T100."
854.0,포켓몬스터볼 5W 블루투스 스피커 1+1
855.0,매진: Presonus E3.5
856.0,Presonus e3.5 블루투스.
857.0,B&O 벌릿 20
858.0,"BOSE BOSS 사운드링크 마이크로 블루투스 스피커 네이비 98,000원 / 무료 11"
859.0,Editor Bluetooth 스피커 S880을 작동시킵니다.
860.0,아이리버 IR-SB1 사운드 바 스피커.
861.0,JBL 플립 5.
862.0,JBL 바 9.1 사운드 바.
863.0,JBL GO3 고등학교 3학년 블루투스 스피커.
864.0,JBLINK MUSIC.
865.0,JBL Pulse4 Pulse4 Pulse4 BL2 스피커.
866.0,JBL 다이버시티 JBL PULSE4.
867.0,LG전자 LG 울트라HD TV AI 씽큐 86인치 86UP8300KNA+사운드바.
868.0,맥키 CR-X 4인치 모니터 스피커.
869.0,마샬 앰버튼 휴대용 블루투스 스피커입니다.
870.0,프레소너스 E3.5 스피커.
871.0,PreSonus E3.5 유선 활성 스피커.
872.0,PreSonus E3.5 BT 스피커.
873.0,XDOBO 너바나 화자.
874.0,Garmin Instrument 기타.
875.0,가민포너 245 뮤직 스마트워치 + 신세계 10만원입니다.
876.0,갤럭시 워치 4.
877.0,갤럭시 워치 액티브2 40mm 블랙
878.0,갤럭시 워치 4.
879.0,갤럭시워치 440mm 핑크골드.
880.0,갤럭시 워치 444mm.
881.0,"Galaxy Watch 444mm, 그린/블랙, 카드 7% 할인."
882.0,갤럭시 워치 4 골프 에디션 GPS 골프 거리 측정 장치
883.0,갤럭시 핏2.
884.0,갤럭시 핏2.
885.0,갤럭시 핏 2 스마트 밴드 SM-R220
886.0,갤럭시 액티브 2 골프 에디션.
887.0,갤럭시 워치 341mm.
888.0,Galaxy Watch 341mm / 45mm.
889.0,갤럭시 워치 341mm/45mm.
890.0,갤럭시 워치 4.
891.0,갤럭시 워치 440mm.
892.0,갤럭시 워치 440mm.
893.0,갤럭시 워치 440mm.
894.0,갤럭시 워치 440mm.
895.0,"갤럭시 워치 440mm, 국민카드 할인, 쿠폰 할인."
896.0,갤럭시 워치 4 골프 에디션.
897.0,갤럭시 워치 4 골프 에디션.
898.0,갤럭시 워치 4 골프 에디션 44mm.
899.0,갤럭시 워치 4 골프 에디션 실버 40mm입니다.
900.0,Galaxy Watch 4 국민카드.
901.0,갤럭시 워치 4 클래식.
902.0,갤럭시 워치 4 클래식 46mm.
903.0,갤럭시 핏2.
904.0,갤럭시 핏2.
905.0,그것은 한국에서 가장 잘 어울립니다.
906.0,11번가 갤럭시 워치 345mm LTE
907.0,한국에서 메이크업 미 밴드 6.
908.0,공식 한국어판 \\
909.0,6번 밴드.
910.0,6번 밴드.
911.0,6번 밴드.
912.0,제6판 \\
913.0,Mi-Band 6. 한국어 버전 + 랜덤 스트랩 + 필름.
914.0,\\
915.0,빅 소 토끼 가죽 갤럭시 워치 4 40mm 44mm 케이스
916.0,Apple Watch 7 알루미늄 사전 예약.
917.0,삼성 갤럭시 핏 2 SM-R220
918.0,삼성 갤럭시 워치 341m/45m.
919.0,삼성 갤럭시 워치 440mm 실버 백오더.
920.0,삼성전자 갤럭시 워치 액티브2 알루미늄 40mm/SM-R830N
921.0,삼성전자 갤럭시워치 341/45㎜다.
922.0,삼성전자 갤럭시 핏2.
923.0,샤오미 밴드 5. 국내배송.
924.0,샤오미 밴드 5.
925.0,샤오미 밴드 6+2 사은품 증정.
926.0,샤오미 밴드 6는 쿠팡에서 직수입했다.
927.0,샤오미 밴드 6 쿠팡의 직접 수입. 한국어 및 AS가 가능합니다.
928.0,샤오미는 당신을 싫어합니다.
929.0,\\
930.0,"샤오미, 미아, 열저온계, 전자시계"
931.0,샤오미 핏이 끝내줘요. gts2 mini.
932.0,샤오미 gts 2 mini.
933.0,샤오미 밴드 6 한국.
934.0,"션) 미밴드6 한글팬/37,500/무료배송8호[디지]"
935.0,순토 5블랙.
936.0,Sunto Core/9/Ambit 스마트워치 할인 이벤트
937.0,Sunto 7 한정판.
938.0,"난 스마트워치가 싫어, 라이트."
939.0,스마트워치. 한국에서 놀라운 핏의 턱받이 U 턱받이.
940.0,애플워치 544mm GPS+셀룰러 스테인리스강
941.0,애플 워치 밴드 루프.
942.0,애플 워치 전 품목 10% 캐시백
943.0,"애플 워치 SE 40, 44mm."
944.0,Apple Watch SE 40mm.
945.0,애플워치 40mm.
946.0,애플워치 40mm.
947.0,Apple Watch SE 40mm 이상.
948.0,애플워치 se 40mm 나이키.
949.0,Apple Watch SE 44mm GPS.
950.0,Apple Watch Segps 40mm.
951.0,Apple Watch Segps 40mm.
952.0,Apple Watch Segps 44mm.
953.0,Apple Watch 544mm Cellular.
954.0,Apple Watch 544mm 스테인리스 스틸 블랙.
955.0,애플워치 544mm GPS+셀룰러 스테인리스 스틸+밀레니엄 루프
956.0,애플워치 544mm GPS+셀룰러 스테인리스 스틸+밀레니엄 루프
957.0,Apple Watch 5 스테인리스 스틸 44mm 블랙
958.0,Apple Watch 6 40mm 흑연.
959.0,애플 워치 640mm GPS.
960.0,애플 워치 640mm GPS.
961.0,Apple Watch 644mm GPS 스페이스 그레이 알루미늄 케이스 검은색 스포츠 밴드 M00H3KH/A
962.0,Apple Watch 6 GPS + 셀룰러 44mm - M09J3KH/A
963.0,Apple Watch 6 GPS Cellular 44mm.
964.0,Apple Watch 7 사전 예약.
965.0,Apple Watch SE 40mm.
966.0,애플 워치 40mm.
967.0,Apple Watch SE 40mm Cellular.
968.0,Apple Watch SE 40mm Cellular.
969.0,애플 워치 40mm GPS.
970.0,"애플워치 40mm M 포인트 50,000원. 250만 원 환불하세요."
971.0,애플 워치 40mm 나이키 GPS.
972.0,Apple Watch SE GPS 44mm 흑백.
973.0,놀라운 핏 스마트 워치 Gtr2e.
974.0,어메이징 핏 스마트 워치 티라노사우루스. 진짜 한국어 버전.
975.0,핏이 기가 막히네. GTS 2 미니.
976.0,핏이 기가 막히네. GTS 2 미니.
977.0,핏이 기가 막히네. GTS 2 미니.
978.0,핏이 기가 막히네. GTS 2 미니.
979.0,놀라운 맞춤 GTS2 MINI 신규 가입자 혜택
980.0,어메이징 핏 티렉스 블랙 카모 그린.
981.0,G-Shark G-YAL Oak GA 2100 1ADR.
982.0,G-Shark G-YAL Oak GA 2100 1ADR.
983.0,토트넘 스마트 워치.
984.0,품절) 11번가 갤럭시워치 345mm LTE
985.0,어메이즈핏 GTS2 MINI
986.0,아마존핏 GTS 2 미니
987.0,아마존핏 GTS 2 미니
988.0,애플 애플 워치 6.
989.0,gts2 미니
990.0,SKT 갤럭시 워치 4/클래식
991.0,SKT Galaxy Watch 4 Classic.
992.0,2021년형 파세코 창문 에어컨 3호기
993.0,미니 에어컨.
994.0,삼성 무풍 투인원 에어컨.
995.0,삼성 윈도우 핏 윈도우 에어컨.
996.0,삼성 멀티 에어컨 AF16M6476LZR.
997.0,삼성 무풍 19평이 하나로.
998.0,삼성전자 무풍 에어컨 AR07T9170모자
999.0,신일전자 1급 인버터창 에어컨 SMA-C7800헉.
1000.0,이마트 한일창 에어컨 wac1905
1001.0,캐리어 윈도우 에어컨 AWA07VOOS
1002.0,"파세코 듀얼 인버터 3, 윈도우 에어컨 시즌3."
1003.0,파세코 인버터 윈도우 에어컨 2PWA-3200W 자체 설치 WOW 회원 전용 가격 + 카드 할인
1004.0,파세코 윈도우 에어컨 PWA-3300WM
1005.0,파세코 윈도우 에어컨 PWA-3300WM
1006.0,Paseco PWA-3300 창문형 에어컨.
1007.0,한일 창문형 에어컨 WAC-1900.
1008.0,한일창문항공 콩왁-1905
1009.0,듀얼 에어컨 2-in-1로 휘저어 줍니다.
1010.0,TCL 창문 타입 21년 신형 에어컨 TWA-6F1.
1011.0,도시바 어드밴스 4TB.
1012.0,Toshiba 외장 하드 드라이브 4TB.
1013.0,도시바 외장 하드 드라이브 4TB 스테이션은 선착순으로 100대를 보유하고 있습니다.
1014.0,도시바 외장 하드 4TB 현대와 하나 카드.
1015.0,도시바 외장 하드 어드밴스 2세대 4결핵
1016.0,Micron Critical X8 외장 SSD 500GB.
1017.0,마이크론 크루셜 X8 외장 SSD 500GB/최종 가격은 48900원이다.
1018.0,마이크론 x6 외장 SSD 1TB
1019.0,Samsung 외장 하드 드라이브 J3 1TB.
1020.0,Samsung 외장 SSD T5 1TB
1021.0,Samsung 외장 SSD T5 500GB.
1022.0,삼성 T5 500GB.
1023.0,삼성전자 외장 하드 J3 휴대용 1TB USB 3.0
1024.0,삼성전자 외장 하드 드라이브 J3 휴대용 4TB USB 3.0
1025.0,시게이트 4TB 외장 하드 드라이브.
1026.0,Seagate 4TB HDD DRS ST4000DM004
1027.0,Seagate 4TB HDD DRS ST4000DM004
1028.0,Seagate 5TB 외장 하드 파이어 Cuda Gaming HDD 신제품 + 데이터 복구 +
1029.0,중요한 X8 500GB 외장 SSD.
1030.0,T5 500g 외장 하드 드라이브.
1031.0,WD 5TB 내 여권 휴대용 외장 하드.
1032.0,WD 요소 외장 하드 2TB.
1033.0,WD 외장 하드 WD 새 여권 4TB/검은색
1034.0,WD 블랙 5Tb P10
1035.0,Western Digital 4TB WD Red Plus
1036.0,1번가 자브라 엘리트 75t 소음 최대 28시간 블루투스 이어폰 취소
1037.0,갤럭시 버드 2.
1038.0,Galaxy Boods 2 + 주목할 만한 케이스.
1039.0,"갤럭시 버즈 2, 라이브, 프로."
1040.0,갤럭시 버즈 라이브.
1041.0,갤럭시 버즈 라이브.
1042.0,갤럭시 버즈 라이브.
1043.0,갤럭시 버즈 라이브.
1044.0,갤럭시 버즈 라이브.
1045.0,갤럭시 버즈 라이브.
1046.0,갤럭시 버즈 라이브.
1047.0,갤럭시 버즈 라이브.
1048.0,갤럭시 버즈 라이브 + 케이스.
1049.0,갤럭시 버즈 라이브 삼성 카드 링크.
1050.0,중고 갤럭시 버드 라이브.
1051.0,갤럭시 버즈 라이브 SM-R180!
1052.0,갤럭시 버즈 라이브 SM-R180 시리즈/미스틱 브론즈/블랙/화이트
1053.0,갤럭시 버즈 라이브 SM-R180N.
1054.0,갤럭시 버즈 라이브 + 카카오 케이스.
1055.0,갤럭시 버즈 라이브 + 케이스
1056.0,갤럭시 버즈 라이브 + 케이스
1057.0,갤럭시 버즈 라이브 + 케이스
1058.0,갤럭시 버즈 프로.
1059.0,갤럭시 버즈 프로.
1060.0,갤럭시 버즈 프로.
1061.0,갤럭시 버즈 프로.
1062.0,갤럭시 버즈 프로.
1063.0,갤럭시 버즈 프로.
1064.0,갤럭시 버즈 프로.
1065.0,갤럭시 버즈 프로.
1066.0,갤럭시 버즈 프로.
1067.0,갤럭시 버즈 프로.
1068.0,갤럭시 버즈 프로.
1069.0,갤럭시 버즈 프로.
1070.0,갤럭시 버즈 프로.
1071.0,갤럭시 버즈 프로.
1072.0,갤럭시 버즈 프로.
1073.0,갤럭시 버즈 프로.
1074.0,갤럭시 버즈 프로.
1075.0,갤럭시 버즈 프로.
1076.0,갤럭시 버즈 프로.
1077.0,갤럭시 버즈 프로.
1078.0,갤럭시 버즈 프로 + 애니콜 케이스.
1079.0,"갤럭시 버즈 프로, 9월 1일 이후로 구매하지 않은 대상."
1080.0,갤럭시 버즈 프로 무료배송.
1081.0,갤럭시 버즈 프로 무선 이어폰.
1082.0,갤럭시 버즈 프로 바이올렛.
1083.0,갤럭시 버즈 프로 블랙.
1084.0,갤럭시 버즈 프로 퍼플.
1085.0,Galaxy Buzz Pro SM-R190.
1086.0,Galaxy Buzz Pro SM-R190.
1087.0,Galaxy Buzz Pro SM-R190.
1088.0,Galaxy Buzz Pro SM-R190.
1089.0,추가 Galaxy Buzz Pro + Sketchy.
1090.0,갤럭시 버즈 플러스.
1091.0,갤럭시 버즈 플러스.
1092.0,갤럭시 버즈 플러스.
1093.0,갤럭시 버즈 플러스.
1094.0,갤럭시 버즈 플러스.
1095.0,갤럭시 버즈 플러스.
1096.0,갤럭시 버즈 플러스.
1097.0,갤럭시 버드 플러스 블랙 앤 화이트.
1098.0,갤럭시 버즈 플러스 블루투스 이어폰.
1099.0,Galaxy Buzz Plus Bluetooth 이어폰 SM-R175.
1100.0,Galaxy Buzz Plus Bluetooth 이어폰 SM-R175.
1101.0,갤럭시 버즈 플러스 SM-R175.
1102.0,갤럭시 버드 2.
1103.0,갤럭시 버드 2 사전 예약.
1104.0,갤럭시 버즈2를 미리 구매하시면 케이스 유형별로 링크가 가능합니다.
1105.0,갤럭시 버즈 2 사전 예약 + 케이스 및 선물
1106.0,Galaxy Buzz Pro Sm-r190.
1107.0,갤럭시 버즈 라이브.
1108.0,갤럭시 버즈 라이브 블루투스 이어폰 SM-R180
1109.0,갤럭시 버즈 프로.
1110.0,갤럭시 버즈 프로 SM-R190.
1111.0,갤럭시 버즈 라이브.
1112.0,갤럭시 버드 라이브+케이스 랜덤 타입 1+애니콜 케이스
1113.0,갤럭시 버즈 프로.
1114.0,갤럭시 버즈 프로.
1115.0,갤럭시 버즈 프로.
1116.0,갤럭시 버즈 프로.
1117.0,갤럭시 버드 플러스.
1118.0,정품 국산 Apple AirPods Pro로 무선 충전.
1119.0,"네이버) 소니 wf 1000xm4 / 299,000원 / 무료배송 55."
1120.0,단 4시간의 마지막 혜택은 990만 자브라 엘리트 75t 소음으로 최대 28시간 블루투스 이어폰이 끊긴다는 것이다.
1121.0,모멘텀 트루 와이어리스 2 슈퍼딜.
1122.0,Motorola Tech 3 하이브리드 BL2 이어폰.
1123.0,무선 블루투스 이어폰 데시벨 BCS-T90 신제품 5.0 블랙.
1124.0,무선 블루투스 마이크 2개 + 블루투스 이어폰 + 스마트 시계.
1125.0,뱅앤올룹슨 베오 플레이 E8 3.0.
1126.0,Bang & Olufsen Beo Play E8 3rd generation wireless Bluetooth earphones.
1127.0,뱅앤올룹슨 블루투스 이어폰 E8 3.0_블랙
1128.0,버즈 라이브.
1129.0,버즈 라이브.
1130.0,버즈 라이브 SM-R180!
1131.0,버즈 프로.
1132.0,버즈 프로.
1133.0,버즈 프로.
1134.0,"버즈 프로 + 케이스, 스탠스미스 슈즈."
1135.0,"버즈 프로/라이브 나이스, 조디 케이스 커버 등."
1136.0,버즈 플러스 방탄소년단 에디션 + 무선 충전 패드.
1137.0,버즈 라이브.
1138.0,버즈라이브 10만9000 / 국민카드 최초 무료구매는 76세입니다.
1139.0,"버즈 라이브 블랙/화이트 106,830원/ 다나와를 통해서만 가능한 것 같아요.  13 [디지]"
1140.0,버즈 케이스.
1141.0,버즈 프로.
1142.0,버즈 프로.
1143.0,버즈 프로.
1144.0,버즈 프로.
1145.0,버즈 프로.
1146.0,버즈 프로 +
1147.0,Buzz Pro + Anycall Case.
1148.0,버즈 프로 애니콜 K 스포.
1149.0,버즈 플러스.
1150.0,"오리지널 QC 이어버드는 283,050원입니다."
1151.0,보스 QC 소음 이어폰 제거
1152.0,QC 이어폰 보스.
1153.0,보스 QC 이어폰 노이즈 제거 이어폰 장착
1154.0,브릿츠 이어폰 특가 1+1...
1155.0,Bluetooth 이어폰 Tws swb-x500
1156.0,비알레 제미니.
1157.0,삼성 갤럭시 버즈 라이브 SM-R180!
1158.0,삼성 갤럭시 버즈 프로.
1159.0,삼성 갤럭시 버즈 프로.
1160.0,삼성 갤럭시 버즈 프로 블랙.
1161.0,삼성 갤럭시 버즈 프로 블랙.
1162.0,삼성 갤럭시 버즈 프로 블랙.
1163.0,삼성 갤럭시 버즈 프로 블랙/실버/바이올렛
1164.0,삼성 갤럭시 버즈 프로 블랙/실버/바이올렛
1165.0,삼성 갤럭시 버즈 프로 실버.
1166.0,삼성 갤럭시 버즈 플러스.
1167.0,삼성 갤럭시 버즈 라이브.
1168.0,삼성 갤럭시 버즈 프로.
1169.0,삼성 버즈 라이브.
1170.0,Samsung AKG N400.
1171.0,삼성 갤럭시 버즈 프로.
1172.0,삼성 갤럭시 버즈 프로.
1173.0,삼성전자 갤럭시 버즈 프로.
1174.0,삼성전자 갤럭시 버즈 프로.
1175.0,삼성전자 갤럭시 버즈 라이브.
1176.0,삼성전자 갤럭시 버즈 프로와 라네즈 네오쿠션 콜라보레이션 패키지.
1177.0,삼성전자의 오리지널 갤럭시 버즈 프로 블루투스 이어폰 SM-R190.
1178.0,샤오미 버즈3 프로의 국내 정식 출시.
1179.0,샤오미 블루투스 이어폰 Air 2 SE.
1180.0,샤오미 블루투스 이어폰 Air 2 SE 32.100/무료 13[Digy]
1181.0,Sony Bluetooth 노이즈 취소 무선 이어폰 WF-1000XM4
1182.0,Sony Bluetooth 이어폰 WF-1000XM4.
1183.0,Sony WF-1000XM3 무선 이어폰 없음.
1184.0,소니 WF-1000XM4.
1185.0,소니 WF-1000XM4.
1186.0,Sony WF-1000XM4 No Can 이어폰 예약.
1187.0,Sony wf-1000xm4 무선 이어폰.
1188.0,Sony wf-1000xm4 무선 이어폰.
1189.0,소니 WF-1000XM4 검정색으로 신한카드 지나갑니다.
1190.0,소니 WF-1000XM4 이어폰.
1191.0,소니 WF-1000XM4 이어폰.
1192.0,소니 wf1000xm4.
1193.0,Sony Cast Diempro 2의 사전 예약.
1194.0,소니 코리아 오리지널 SONY WF-1000XM4 실버
1195.0,스마트 스토어) QCY T11 블루투스 이어폰
1196.0,스마트폰 안드로이드 5.8인치 + 무선 블루투스 이어폰.
1197.0,SKYFIT S 액티브 플러스.
1198.0,새로운 팬분들을 위해 버즈 2를 눌러주세요.
1199.0,Amazon Boss QC 이어폰은 소음 제거 이어폰입니다.
1200.0,Acon Bluetooth 이어폰 말고.
1201.0,알테클랜싱 블루투스 이어폰.
1202.0,애프터쇼크 에어 650 + 스포츠 벨트
1203.0,애프터슨 에어로펙스 본체 전도 무선 이어폰입니다.
1204.0,애프터슨 오픈 무브 AS660 골전도 이어폰
1205.0,650 트랙 에어의 여진입니다
1206.0,Apple의 공식 AirPod Pro.
1207.0,애플 비츠 스튜디오 버즈.
1208.0,Apple AirPods 2세대 유선 연결.
1209.0,Apple AirPod Pro.
1210.0,Apple AirPod Pro.
1211.0,Apple AirPod Pro.
1212.0,Apple AirPod Pro.
1213.0,Anker Sound Core Liberty Air 2 Pro ANC 이어폰 검정/흰색/파란색
1214.0,APCOBITONIC E05 블루투스 이어폰.
1215.0,"에어팟2, 무선충전."
1216.0,에어팟 프로.
1217.0,에어팟 프로.
1218.0,에어팟 프로.
1219.0,에어팟 프로.
1220.0,에어팟 프로.
1221.0,에어팟 프로.
1222.0,에어팟 프로.
1223.0,에어팟 프로.
1224.0,에어팟 프로.
1225.0,에어팟 프로.
1226.0,에어팟 프로.
1227.0,에어팟 프로.
1228.0,에어팟 프로.
1229.0,에어팟 프로.
1230.0,에어팟 프로.
1231.0,에어팟 프로.
1232.0,에어팟 프로.
1233.0,에어팟 프로.
1234.0,"AirPods Pro - MWP22KH/A 253,955원/무료 배송"
1235.0,"에어팟 프로 216,960원입니다."
1236.0,AirPods Pro Apple 공식 쇼핑몰.
1237.0,AirPods Pro Apple 공식 쇼핑몰.
1238.0,에어팟 프로 케이스 주토피아.
1239.0,AirPods Pro_MWP22KH/A
1240.0,"에어팟 프로, 던킨 35% 할인."
1241.0,"AirPods Pro/Smile Pay, 삼성 카드 195,77040."
1242.0,"에어팟2, 무선충전."
1243.0,AirPods 2세대 무선 충전.
1244.0,에어팟 프로.
1245.0,에어팟 프로.
1246.0,에어팟 프로.
1247.0,에어팟 프로.
1248.0,에어팟 프로.
1249.0,에어팟 프로.
1250.0,에어팟 프로.
1251.0,에어팟 프로.
1252.0,에어팟 프로.
1253.0,에어팟 프로.
1254.0,에어팟 프로.
1255.0,에어팟 프로.
1256.0,에어팟 프로.
1257.0,에어팟 프로.
1258.0,에어팟 프로.
1259.0,에어팟 프로.
1260.0,"AirPods Pro 274,000 / 최대 227,900 무료."
1261.0,"에어팟 프로와 함께, 스마일페이 삼성 카드 시티."
1262.0,"에어팟 프로 최종 가격: 219,000원, 32. [디지]"
1263.0,AirPods Pro를 통한 해외 구매.
1264.0,애프터슨 에어로펙스 AS800입니다
1265.0,"자브라 엘리트 75톤 블루투스 이어폰은 107,000개 가지고 있어요"
1266.0,Qcyt13 블랙 + 화이트.
1267.0,제이랜드 버즈 프로 170810원입니다.
1268.0,ZABRA의 새로운 Elite 3 블루투스 이어폰.
1269.0,자브라 엘리트 65t.
1270.0,Zebra Elite 65t 블루투스 이어폰.
1271.0,지브라 엘리트 85t 골드.
1272.0,지브라 엘리트 65t.
1273.0,Zebra Elite 75T 블루투스 이어폰.
1274.0,Zabra Elite 75t 블루투스 이어폰 골드 베이지 컬러입니다.
1275.0,Zabra Elite65t 블루투스 이어폰.
1276.0,Zabra Elite65t 블루투스 이어폰.
1277.0,자브라 자브라 엘리트 65t / AS 2년차
1278.0,제이버드 비스타.
1279.0,젠하이저 모멘텀 3. 무선입니다.
1280.0,젠하이저 모멘텀 트루 와이어리스 2.
1281.0,젠하이저 모멘텀 트루 와이어리스 2.
1282.0,젠하이저 CX 트루 와이어리스.
1283.0,젠하이저 CX 트루 와이어리스.
1284.0,젠하이저 CX 트루와이어리스.
1285.0,쿠팡 에어팟 프로.
1286.0,Q10) qcyt13
1287.0,타임딜 젠하이저 모멘텀 트루와이어리스.
1288.0,"10 Qyt13, 처음 300, 11,810원, 31. [디지]"
1289.0,무음 톤-TFP8.
1290.0,TPIOS 이어폰 필수 키트.
1291.0,Power Beats Pro Black.
1292.0,에어팟 프로
1293.0,Akgn400 블루투스 이어폰.
1294.0,AKG n400 블루투스 이어폰.
1295.0,애플 3.5mm 이어팟.
1296.0,Apple AirPods 2세대 무선 충전
1297.0,Apple AirPods 2세대 무선 충전
1298.0,Apple AirPods 2세대 무선 충전 모델
1299.0,애플 파워비츠 프로
1300.0,B&O 플레이 H3 이어폰.
1301.0,BOSE QC Eabuds 브 bo bo bo bo
1302.0,G마켓) AirPod Pro.
1303.0,Jabra Elite 7 PRO Bluetooth 무선 이어폰.
1304.0,JBL 클럽 프로+
1305.0,JBL 클럽 프로+
1306.0,JBL 클럽 프로+
1307.0,JBL CLUB PRO+
1308.0,JBL CLUB PRO+
1309.0,JBL CLUB PRO+
1310.0,JBL CLUB PRO+ BL과 이어폰 연결.
1311.0,JBL CLUB PRO+ TWS 블루투스 이어폰.
1312.0,JBL CLUB PRO Plus TWS 블루투스 이어폰.
1313.0,JBL FREE X 블루투스 이어폰.
1314.0,JBL T110
1315.0,JBL 선율 225 완전 무선 블루투스.
1316.0,jblune125tws 화이트
1317.0,LG 무선 이어폰 톤이 없는 TFP8 및 기타 2가지 타입.
1318.0,LG 무선 이어폰 톤이 없는 TFP8 및 기타 2가지 타입.
1319.0,LG 무선 이어폰 무음 TFP8 등.
1320.0,LG 무선 이어폰 무음 TFP8 등.
1321.0,LG 스마트 월드 앱) USB 타입 LG 지정 이어폰
1322.0,LG전자의 톤프리 HBS-TFN6.
1323.0,LG 톤프리 블루투스 이어폰 화이트 IPX4 방수 기능 탑재
1324.0,LG Tone Free HBS-TFN7 블루투스 이어폰.
1325.0,LG 톤 프리 TFP9.
1326.0,LG USB-C 타입 이어폰.
1327.0,LG USB-C 타입 이어폰.
1328.0,LG전자의 무음 무선 블루투스 이어폰 HBS-TFN4.
1329.0,LG전자의 무음향 HBS-TFN4.
1330.0,LG전자 톤-TFP8은 완전 무선 블루투스 이어폰이다.
1331.0,LG 톤 프리 무선 이어폰 TFP5.
1332.0,LG Tone Free HBS-TFN6 Bluetooth 무선 이어폰.
1333.0,LG Tone Free HBS-TFN6 Bluetooth 무선 이어폰.
1334.0,LG 톤 프리 TONE-TFP5.
1335.0,LG 톤 프리 TONE-TFP8 무선 블루투스 이어폰.
1336.0,LG 톤 프리 톤-TFP9.
1337.0,LG 톤 프리 톤-TFP9.
1338.0,QCY HT01 블루투스 이어폰.
1339.0,QCY HT01 ANC 무선 블루투스 이어폰.
1340.0,QCY HT03 무선 블루투스 ANC 이어폰.
1341.0,QCY T11 블랙.
1342.0,QCY T13
1343.0,QCY T13
1344.0,QCY T13 무선 이어폰.
1345.0,QCY T13 블루투스 무선 이어폰 화이트 2021 최신/1+1
1346.0,QCY T13 블루투스 무선 이어폰.
1347.0,QCY T13 블루투스 이어폰.
1348.0,QCY T16
1349.0,QCY T1C
1350.0,"QCY T3 Rocket Wow 회원 9,880원. 무료 배송."
1351.0,QCY T5 준발 화이트.
1352.0,QCY T5 무선 블루투스 이어폰.
1353.0,QCY T5 무선 이어폰.
1354.0,QCY-T13 1+1
1355.0,QCY-T5S
1356.0,QCY-T5S
1357.0,소니 소니의 완전한 무선 이어폰 WF-1000XM3 블랙.
1358.0,TDKEB-30 커널형 이어폰 2+1
1359.0,제습기 10L 등.
1360.0,2021년 가정용 신형 10L 제습기 DXTE100-KWK.
1361.0,"리퍼브 드라이어, 제습기, 공기청정기, 가습기."
1362.0,LG 제습기 DQ200PGA 20L 현대카드는 27을 충전할 유인이 있다.
1363.0,위닉스 제습기 10L DXAW100-JWK
1364.0,위닉스 제습기 10L 및 16L.
1365.0,위닉스 제습기 10L DXAH100-JWK.
1366.0,위닉스 제습기 10L&16L.
1367.0,위닉스 제습기 DO2E160-JWK 16L
1368.0,캐리어 CLWIND 18L 가정용 제습기 CDHM-C018LMAB.
1369.0,LG 제습기 20L 블루 DQ200PBBC.
1370.0,LG 제습기 20L 블루 DQ200PBBc
1371.0,LG 휘센 제습기 DQ200PGA.
1372.0,LG 제습기.
1373.0,LG 제습기 20L 골드.
1374.0,LG 제습기 20L 골드.
1375.0,국내 배송 쿠폰 가격 195/전자 걸레로봇 청소기/로이모
1376.0,"클로이모 로봇 청소기, 2세대입니다."
1377.0,다이슨 디지털 슬림 솜털 보상 판매
1378.0,Divot Ozmo 950 로봇 청소기.
1379.0,로보락 로봇 청소기 S5 맥스.
1380.0,로보락 로봇 청소기 S5MAX.
1381.0,로보락 청소기 s5max / 삼성카드 추가 할인
1382.0,로보록 s5 max
1383.0,Robo Lock s5 Max 로봇 진공청소기.
1384.0,로보록 s6 maxv
1385.0,로보록 s6 maxv
1386.0,로보록 s6 maxv
1387.0,"로보락 S6 맥스브 스마일 클럽 551,200원 42!"
1388.0,로보락 S6 Pure.
1389.0,로보락 S6 순수 로봇 청소기.
1390.0,Robo Lock S6MaxV + 보호 필름.
1391.0,로보락 S7.
1392.0,로보락스 6대까지.
1393.0,로보록스6 maxv
1394.0,로보록 sv6 maxv
1395.0,로봇청소기. 로보락 S6 MAXV.
1396.0,로봇청소기. Robo Lock s6 maxv.
1397.0,로봇청소기. Robo Lock s6 maxv.
1398.0,로이모 로봇 청소기.
1399.0,무선 청소기 THE500+ 프리미엄 500W 청소기 빨간색.
1400.0,걸레 로봇 청소기 로보락 s6 maxv
1401.0,물걸레 로봇. 청소기. 데우스핀 로봇.
1402.0,"삼성 베스포크 제트, 3종류입니다."
1403.0,Samsung Jet Wireless Clean 2.0 클린 스테이션에 VS20T9213QDCSP+ 추가 배터리+더스트백 10개 포함
1404.0,Samsung Jet + Clean Station.
1405.0,삼성 제트+클린 스테이션 VS20T9278S3CS
1406.0,"삼성핸디청소기/29,040원/무료배송"
1407.0,"Samsung Jet Vacuum Clean Station, Mop, 침구 키트."
1408.0,샤오미 드림의 로봇청소기 D9입니다.
1409.0,샤오미 드림의 무선청소기 SOLO10 한국형 어댑터입니다.
1410.0,샤오미 드림의 무선청소기. 한국판과 부가세도 포함해서요.
1411.0,샤오미 드림 V10 무선청소기.
1412.0,샤오미 로보락 7세대 E4 공식 한국어 버전.
1413.0,"샤오미 스마트 자동창, 로봇청소기, 흰색."
1414.0,Sungjet Clean Station 200w 추가 배터리 세트.
1415.0,스마일 클럽 라이프 로봇 청소기 RX10.
1416.0,씽크웨이 씽크 에어 로봇 청소기 RV50.
1417.0,"iKONIC 로봇 청소기, i9 클린 스테이션."
1418.0,아이로봇 브라바 390 물걸레 로봇 청소기.
1419.0,에브리봇 로봇 청소기 3iPOP입니다.
1420.0,Eco-Vax 로봇 진공 Ozmo T8 + Auto MT Station 풀 패키지.
1421.0,엣지 걸레 로봇 청소기.
1422.0,Electrolux Grand Open 이벤트 진공 청소기.
1423.0,일렉트로룩스 순수 Q9 진공청소기.
1424.0,Cheo SC1 이지픽스 프리미엄 핸디 살균 스팀 클리너.
1425.0,테팔 공군 경량 무선 청소기 TY6545KL.
1426.0,"LG, 올인원 타워 아이언그레이 반대"
1427.0,LG 사물청소기 진정 베이지 일체형 타워.
1428.0,LG Fast 15W 차량용 무선 충전 거치대
1429.0,11번가) SKY 고속 무선 충전기 패드 베스트 특별 행사 느낌 w4onix.
1430.0,15w 무선 충전 패드
1431.0,35W 이중 포트 충전기 2개 + C형 케이블 2개.
1432.0,35W 이중 포트 충전기 2개 + C형 케이블 2개.
1433.0,45w 2포트 PD 충전기.
1434.0,"5포트 고속 다중 충전기, Alo UC301."
1435.0,65W GaN 3포트 고속 충전 어댑터.
1436.0,갤럭시와 아이폰 충전기 26종 컬렉션.
1437.0,다음 3-포트 USB 충전기.
1438.0,Drion 9V 10W 무선 충전 거치대 등
1439.0,Leo의 급속 충전 3.0 3포트 고속 충전기 CC301
1440.0,A limited number of reapers. A wireless charging stand for vehicles.
1441.0,만 레벨. iPhone용 무선 충전기 3in-1
1442.0,Max Steel 스마트폰 충전 거치대.
1443.0,MATTEN 차량 거치대 - 불만 사항
1444.0,장벽 63W USB PD PPS 다속 충전기.
1445.0,벨루가 듀얼 무선 충전 패드.
1446.0,Belkin 3in-1 15W Maxafe 충전식 스탠드 WIZ009kr.
1447.0,Belkin 3-in-1 Maxafe 15W 무선 충전기 스탠드 WIZ009kr.
1448.0,Belkin iPhone Apple Watch AirPods 3in-1 무선 충전 독.
1449.0,삼성 25w 충전기 + 케이블 2개.
1450.0,삼성 25W PD 충전기.
1451.0,Samsung 25W PD 충전기 또는 충전기 + C형 케이블.
1452.0,Samsung 25W PD 충전기 블랙/화이트
1453.0,삼성 25wpd 충전기 2 또는 1 + C 유형 케이블 2
1454.0,Samsung 35W 이중 포트 충전기 2대
1455.0,스카이펠 GaN65S 65W 3포트 PD 고속 충전기
1456.0,스카이펠 GaN65S 65W 3포트 PD 고속 충전기
1457.0,빠른 10w 무선 충전 패드.
1458.0,"25W PD 충전기 2기를 구매하시면 12,240원입니다."
1459.0,신지모루 63W 다속 충전기입니다.
1460.0,신지모루 63W 다속 충전기입니다.
1461.0,맥사페 신지모루. 자동차 거치대.
1462.0,차량용 신지모루 맥사페 고속 무선 충전대.
1463.0,IOT 패드형 또는 스탠드형 무선 충전기.
1464.0,"I.O.T의 핸드폰, 고속 충전기."
1465.0,ArtMu 45W PDPPs 고속 충전기.
1466.0,아트뮤 65W PD/PPS 다속 충전기 PQ210
1467.0,ArtMew USB PD 20WC형 고속 충전기 PD310 예약 구매
1468.0,"알로 멀티 충전기, UC560PD."
1469.0,"알로 멀티 충전기, UC560PD."
1470.0,Alo Korea 고속 무선 충전기 UC110w
1471.0,Apple MacSafe Charger.
1472.0,고속 패드용 Axen 15W 무선 충전 크래들.
1473.0,Axlon PD 20W 고속 충전기 + C-C 케이블.
1474.0,Anker C 타입 18w 충전기.
1475.0,Anker C 타입 18w 충전기 + 새 20w 충전기.
1476.0,AirPods 2세대 무선 충전.
1477.0,Ecto Twin 20w 듀얼 무선 충전기 패드 유형.
1478.0,자동차용 그랩 맥스 휴대폰 고속 무선 충전기 거치대
1479.0,저렴한 충전기 8대
1480.0,점보 유형 CPD + QC 3.0 USB 충전기.
1481.0,GEMCO PD 빠른 충전 5포트 다중 충전기 ZX5U05
1482.0,KAOTOK DEAL) J 팀 고속 충전용 무선 충전 거치대 15W 26 [Digy]
1483.0,스마트 타키온 75W GaN 3포트 접지형 PD 고속 다중 충전기 G12CA
1484.0,Cleos Quick Charge 3.0 3포트 차량 고속 충전기 CC301
1485.0,Cleos Quick Charge 3.0 3포트 차량 고속 충전기 CC301
1486.0,Cleos Quick Charge 3.0 3포트 차량 고속 충전기 CC301
1487.0,킨 맥세이프 3 in 1 충전기.
1488.0,방맥도에는 충전기도 있습니다.
1489.0,전문가 DCP 급속 충전 전환 성별
1490.0,전문가 DCP 급속 충전 전환 성별
1491.0,Prime Q 25W PPS 충전기.
1492.0,EP-N5200
1493.0,GaN PD 접지 플러그 4포트 고속 다중 충전기 130 PDGAN
1494.0,KOKIRI 고속 무선 충전기 스탠드 2PACK
1495.0,Mophie 3in-1 무선 충전 패드 글로시 블랙
1496.0,UM2 120W 접지 플러그 4포트 고속 다중 충전기 130 PDGAN + C형 고속 케이블
1497.0,UM2 GaN PD 접지 플러그 4포트 고속 다중 충전기 130 PDGAN
1498.0,UM2 GaN PD 접지 플러그 4포트 고속 다중 충전기 130 PDGAN + C 유형 케이블
1499.0,UM2 GAN PD65W 접지 플러그 3-포트 PD PPS 고속 충전기
1500.0,정품 GoPro 히어로 8 패키지/32GB SD 카드+핸들러+보조 배터리+케이스
1501.0,고프로 히어로 나인.
1502.0,고프로 히어로 8 묶음 팩.
1503.0,GoPro Hero 8 블랙/정품
1504.0,고프로 히어로 8 블랙 번들 패키지.
1505.0,고프로 히어로 8. 블랙 히어로 8.
1506.0,GoPro Hero9 블랙 플러피 패키지 + 3-Way
1507.0,고프로 히어로 9 액션 캠프 패키지.
1508.0,니콘 미러리스 카메라/렌즈. 현대카드. 60개월까지는 무이자입니다. 6.
1509.0,레노버 300 웹캠.
1510.0,레노버 웹캠 300 웹캠.
1511.0,오리지널 로지텍 스트림 캠 스트리밍 캠.
1512.0,360도 동작 감지 카메라 따라 얼굴 추적
1513.0,소니 알파 미러리스 카메라 A7R 3 바디.
1514.0,"Interpark) GoPro 8 번들 패키지 청구 313,870 / 무료 20"
1515.0,DJI 오즈모 액션 4K.
1516.0,DJI 오즈모 포켓 2 액션캠. 우와 회원님 골드박스 딜.
1517.0,"SNOPPA Vate 4K 169,000원 23원입니다."
1518.0,1+1+1+1 C 타입 급속 충전 케이블.
1519.0,1+4 C-Type 1M 급속 충전 케이블 기타 액세서리 컬렉션
1520.0,25W/60W PDC에서 C 타입 C 급속 충전 케이블.
1521.0,25W/60W PDC에서 C 타입 C 급속 충전 케이블.
1522.0,35W 이중 포트 충전기 2개 + C형 케이블 2개.
1523.0,"60W/100W PDC ~ C 타입 충전 1m, 2m 케이블."
1524.0,고속 충전 2m 1+1 케이블.
1525.0,Drion 9V Quick Charge 3.0 급속 충전기 + C-Type 케이블
1526.0,Diggy Metal Color 고속 충전 C형 케이블 2M 3피스
1527.0,자기 고속 충전 케이블.
1528.0,자석. 급속 충전 케이블.
1529.0,자기 충전 케이블 1M 1+1
1530.0,Modis 2MC 타입 급속 충전 케이블.
1531.0,Banada C형 삼성 호환 고속 충전 케이블 1.5m 5pcs
1532.0,"BJAP 5핀, 타입 C 급속 충전 1m 케이블 벌크 리퍼"
1533.0,Samsung C to C 1M 케이블.
1534.0,삼성 카드 링크 삼성 25W 충전기 블랙+C 타입 케이블 2피스
1535.0,SKY 60W c ~ c 3 + 스타벅스 아메 리뷰.
1536.0,Sky c ~ c 100w 2m 케이블.
1537.0,Sky C Type USB 3.2 Gen1 100W 고속 충전 케이블 2M
1538.0,신지모루 충전 케이블 1+1+1입니다.
1539.0,아이리버 C-C 케이블 1.2M 박스 파손.
1540.0,ION C to C 타입 PD 25W 2M 고속 충전 케이블.
1541.0,EZNET 다음 HDMI 케이블 50CM
1542.0,주파수 cwc01+이중 PD 충전기+2m 유형 케이블+사은품 상자
1543.0,다양한 종류의 케이블.
1544.0,"USB 포트, 케이블 등과 같은 특별 행사."
1545.0,"USB 포트, 케이블 등과 같은 특별 행사."
1546.0,Philips MFI 라이트닝 케이블 + 충전기 2개.
1547.0,휴대폰 충전 케이블 1+1 또는 1+1+1.
1548.0,C ~ C 100W USB 3.1 Gen2 1M 또는 2M
1549.0,C형/CtoC/Cto 라이트닝 케이블 및 기타 25개 컬렉션.
1550.0,ESRC와 C 케이블.
1551.0,ESSAGER 자기 회전 케이블 성별 세트 3세대 충전 케이블
1552.0,쿠알라 자석 케이블.
1553.0,다음 HDMI v1.4 케이블 1M/3M
1554.0,옛날 핸드폰 케이스도 많고
1555.0,강화 유리 2 시트 + 후면 필름 + 청정 갤럭시 탭 S6 라이트 A7 Plus S5e A6 탭 책 표지 케이스
1556.0,갤럭시 S10 5G 디자인 로고 하드 케이스.
1557.0,갤럭시 21 투명 젤리 케이스 1+1
1558.0,갤럭시 탭 s7+용 키보드 북 커버 케이스입니다.
1559.0,갤럭시 탭 A7 회전식 케이스
1560.0,갤럭시 탭 S7 젤리 케이스 + 강화유리 2개
1561.0,갤럭시 S21 클리어 커버 케이스 EF-QG991
1562.0,갤럭시 S21 시리즈 삼성의 오리지널 투명 커버 케이스.
1563.0,갤럭시 S21 시리즈 솔로젠 에어쿠션 범퍼 젤리 케이스 5입니다.
1564.0,갤럭시 S21 플러스 내셔널 지오그래픽 우드케이스.
1565.0,그레이비 마그네틱 실드 케이스.
1566.0,Lenovo p11 태블릿 케이스 및 보호 필름.
1567.0,레노버의 p11 태블릿을 위한 투명한 젤리 케이스. 강화유리
1568.0,마블 카카오 갤럭시 버즈 에어팟 케이스 컬렉션.
1569.0,모피 파워 캡슐 착용 가능한 배터리 케이스.
1570.0,미니언즈 BOB 에어팟 프로 케이스.
1571.0,미니언즈 BOB 키링 에어팟 프로 케이스 4종.
1572.0,Samsung Galaxy Tab S6 라이트 S 펜 수납장 표지 케이스
1573.0,"스트랩, 스마트 링 전화 케이스 2+1"
1574.0,신지모루 1+1 핸드폰 투명 젤리 케이스입니다.
1575.0,신지모루 1+1 핸드폰 투명 케이스.
1576.0,신지모루 아이폰.
1577.0,신지모루 에어 실드 폰 케이스 케이블 필름
1578.0,"신지모루 케이스 900원, 필름 1+12,900원 등입니다."
1579.0,아이콘 투명 젤리 케이스 iPhone 12 iPhone 11 노트 20 노트 10 노트 9 S21 S20 S10 S9 S8
1580.0,아이패드 케이스.
1581.0,아이폰 12 시리즈 케이스.
1582.0,아이폰 12 터치 결제 케이스입니다.
1583.0,에어쿠션 범퍼 젤리 케이스.
1584.0,AirPods Pro 사례 모음.
1585.0,이어폰 케이스 컬렉션 Galaxy Buzz 케이스 Minions 키링 Silicon AirPods Pro 케이스
1586.0,투명 젤리 케이스 1+1 전 모델입니다.
1587.0,휴대폰 케이스 100/250042.
1588.0,휴대폰 케이스 100/250042.
1589.0,BT21 이어폰 케이스 버즈 케이스 에어팟 케이스 타타쿠키 쉐이키 치미 방탄소년단 파우치 케이스
1590.0,DTA iPhone 투명 풀 커버 케이스 + LCD 필름 + 렌즈 필름
1591.0,P11/P11 Pro 문자 케이스.
1592.0,S20 시리즈 코치 케이스.
1593.0,v50 및 3 강화유리용 에어 범퍼 케이스.
1594.0,기계식 체리 키보드 G80 및 3.0S.
1595.0,DAUL U DK750 광학 축 교환 완전 방수 키보드.
1596.0,Logitech K380/6/100 로지텍코리아 오리지널.
1597.0,로지텍 ERGO K860.
1598.0,Logitech G913 TKL 10 키리스 무선 키보드 촉각
1599.0,Logitech K380 다중 장치 키보드 검은색.
1600.0,Logitech K380 무선 키보드.
1601.0,Logitech K380 Bluetooth 키보드.
1602.0,Logitech k380 블루투스 키보드.
1603.0,Logitech k480 Bluetooth 키보드 + 한글 키보드 스티커.
1604.0,Logitech K835 TKL 10 키리스 기계식 키보드 + 오피스 팩.
1605.0,키를 로지텍으로 이동합니다.
1606.0,키를 로지텍으로 이동합니다.
1607.0,Logitech MX Key & MX Masters3.
1608.0,Logitech MX 키.
1609.0,Logitech MX 키.
1610.0,Logitech MX 키.
1611.0,"Logitech, mx 키 등 그런 거 있잖아요."
1612.0,Logitech MX 키 키보드.
1613.0,Logitech MX 마스터3
1614.0,"Logitech, Mx master3 등"
1615.0,Logitech Korea Ergo K860 인체공학적 무선 블루투스 한글 키보드 분할 키보드
1616.0,로지텍 코리아 G512 GX BROWN 기계 게임 키보드
1617.0,Logitech MK270r 무선 키보드 마우스 세트
1618.0,Bluetooth 키보드는 영어로.
1619.0,삼성 스마트 키보드 트리오 500 멀티 페어링 EJ-B3400.
1620.0,Surface Pro 7 + 검은색 유형 커버 세트
1621.0,스틸 시리즈 APEX 7 게이밍 키보드 축적/파란색 축적
1622.0,스틸 시리즈 APEX 7 게이밍 키보드 축적/파란색 축적
1623.0,애플 매직 키보드.
1624.0,"Z-클라이커 GMK-510X 실버, 메탈그레이"
1625.0,"Z-클라이커 GMK-510X 실버, 메탈그레이"
1626.0,키보드 Logitech MX 키.
1627.0,애플의 정품 매직 키보드 iPad Pro 12.95 세대
1628.0,AVOS BT-KB20 Bluetooth 키보드.
1629.0,COX PBT 가테론 기계식 숫자 게임 키보드 갈축 CK89
1630.0,SteelSeries apex pro tkl
1631.0,12.9인치 아이패드 프로
1632.0,1번가 아이패드 프로. 11형 3세대 m1 칩이야
1633.0,2021년형 iPad Pro 3세대 11인치 실버.
1634.0,Gaomon Drawing Tablet 1060 PRO.
1635.0,갤럭시 탭 A7 64G.
1636.0,갤럭시 탭 A7 라이트 64G.
1637.0,갤럭시 탭 S5e 64G LTE.
1638.0,갤럭시 탭 s5e 64g LTE.
1639.0,갤럭시 탭 s5e 64g LTE.
1640.0,갤럭시탭 S711.0 SM-T875 256GB LTE다.
1641.0,갤럭시탭S7 128GB 와이파이 SM-T870이다.
1642.0,갤럭시탭S7 FE LTE 128GB다.
1643.0,갤럭시탭S7 FE LTE 64G다.
1644.0,갤럭시 탭 s7+ 와이파이 256G.
1645.0,갤럭시 탭 S7+ LTE 256 브론즈.
1646.0,갤럭시 탭 S7+ LTE 256
1647.0,갤럭시탭S7+12.4 LTE/124만9000원 > 연동 혜택은 99만9000원입니다.
1648.0,span sm-p200을 지원하는 Galaxy Tab A
1649.0,갤럭시탭S6 라이트 와이파이 64GB다.
1650.0,갤럭시 탭 S7+
1651.0,갤럭시 탭 S7+
1652.0,갤럭시 탭 액티브3 SM-T575 스컬 멤버십 할인?
1653.0,갤럭시 탭 A7.
1654.0,갤럭시 탭 A7.
1655.0,갤럭시 탭 A7.
1656.0,갤럭시 탭 A7.
1657.0,갤럭시 탭 A7 64G 태블릿.
1658.0,갤럭시 탭 A7 64G 태블릿.
1659.0,갤럭시 탭 A7 라이트 사전 예약.
1660.0,갤럭시 탭 A7 조명.
1661.0,갤럭시 탭 A7 라이트 64G.
1662.0,갤럭시 탭 S6 라이트.
1663.0,갤럭시 탭 S6 라이트.
1664.0,갤럭시 탭 S6 라이트 LTE.
1665.0,갤럭시 탭 S6 라이트 64.
1666.0,갤럭시 탭 S6 라이트티 128 핑크입니다.
1667.0,갤럭시 탭 S6 라이트 와이파이 64G입니다.
1668.0,갤럭시 탭 S7.
1669.0,갤럭시 탭 S7.
1670.0,갤럭시 탭 S7 128g 와이파이 블랙입니다.
1671.0,갤럭시 탭 S7 플러스.
1672.0,갤럭시 탭 S7 와이파이 128!
1673.0,갤럭시탭s7 와이파이 128GB다.
1674.0,갤럭시 탭 S7 와이파이 128GB입니다.
1675.0,갤럭시 탭 s7+ 256gb 와이파이입니다.
1676.0,갤럭시탭S7+ 12.4 256GB LTE다.
1677.0,갤럭시 탭 s7+ 256g.
1678.0,"갤럭시 탭 s7+ 512G, LTE."
1679.0,갤럭시 탭 S7+ 브론즈.
1680.0,"갤럭시탭S7+ 와이파이 256/1009,190원이 28원이다."
1681.0,Galaxy Tab S7+ LTE 말고.
1682.0,"Galaxy Tab s7+ Wi-Fi 256gb/984,550"
1683.0,갤럭시 탭 A 2019 8.0 with Spen.
1684.0,갤럭시 탭 A 8.0 2019 와이파이 32GB.
1685.0,Spen 32G Wi-Fi/SM-P200 필름 증가를 지원하는 Galaxy Tab A 8.0 2019
1686.0,스판 sm-p205ℓ 빅스쿠폰이 적용된 갤럭시탭A 8.0은 29만8800장이다.
1687.0,갤럭시 탭 A7 와이파이 64Gb
1688.0,갤럭시탭s7 128g 와이파이 삼성카드를 적용하면
1689.0,갤럭시탭S7 128GB 와이파이 SM-T870 블랙 태블릿PC.
1690.0,갤럭시탭S7 플러스 12.4인치 LTE 256GB SM-T975다.
1691.0,갤럭시 탭 S7 펠트 128Gb
1692.0,갤럭시 탭 S7+ 512GB 네이비 LTE.
1693.0,갤럭시 탭 S7+ LTE 256 브론즈만.
1694.0,Galaxy Tab S7+ LTE 256G SM-T975
1695.0,갤럭시 탭 S7+ LTE 256G SM-T975
1696.0,갤럭시 탭 S7+ 와이파이 256 브론즈만 가능합니다.
1697.0,갤럭시 탭 S7+12.4 LTE 512GB SM-T975 네이비.
1698.0,갤럭시 탭 S7+ 화파.
1699.0,갤럭시 탭 S7 네이비 512 와이파이.
1700.0,갤럭시탭S7 플러스 와이파이-LTE-5G 256GB SM-T970이다.
1701.0,갤럭시 탭 S7 Plus 12.4 LTE 512GB SM-T975 네이비
1702.0,갤럭시탭S7FE SM-T733 와이파이 12.464GB다.
1703.0,Galaxy S7 탭 128 + LTE
1704.0,갤럭시 탭 S7 네이비 와이파이 512G.
1705.0,갤럭시 탭 S7 FE/다양성.
1706.0,갤럭시 탭 S7+ 와이파이.
1707.0,모든 iPad Pro 1 칩 128g을 냉각하십시오.
1708.0,삼성 갤럭시 탭 A8.032G 블랙 초등학교는 배송을 취소한다.
1709.0,대륙의 실수. 가오몬 1060P 태블릿.
1710.0,DICLE 탭 Ultra 10.4 LTE.
1711.0,레노버 P11.
1712.0,레노버 P11.
1713.0,레노버 P11.
1714.0,레노버 P11.
1715.0,레노버 P11.
1716.0,레노버 P11.
1717.0,레노버 P11.
1718.0,"레노버 P11 160,900원."
1719.0,Lenovo p11 2020 Pro 6/128 태블릿.
1720.0,Lenovo p11 4/64 Tablet.
1721.0,Lenovo P11 4+64G Wi-Fi.
1722.0,레노버 P11 4GB 한국어 글로벌 롬패치를 지원합니다.
1723.0,Lenovo P11 4GBlte 버전 Global Loom.
1724.0,Lenovo P11 4GB+64GB WIFI Globalom 패치.
1725.0,"레노버 P11 6G 128G 재구매 쿠폰을 사용하시면 147,130입니다."
1726.0,레노버 P11 6G/128G.
1727.0,Lenovo P11 6GB+128GB.
1728.0,"레노버 P11, 어포더블 태블릿 재입고"
1729.0,레노버 프로 11.
1730.0,Lenovo P11 Pro 직접 구매.
1731.0,레노버 P11 와이파이. 가정용으로.
1732.0,Lenovo P11/PRO 보호 케이스 + 강화 필름
1733.0,Lenovo Xiaoxin Pad P11 투명 보호 케이스 + 독점 필름
1734.0,Lenovo XiaoxinPad Tablet P11 4+64GB Wi-Fi Open Global
1735.0,Lenovo XiaoxinPad Tablet p11 4+64GB Wi-Fi 오픈 글로벌 젤리 케이스 필름 포함
1736.0,레노버/슬림5-15ARE R7/SSD256G/16G/Freedos/DW
1737.0,Lenovo Xiaoxin Pad Tablet P11 4G+64G 2K WiFi Global Loom.
1738.0,Lenovo Xiaoxin Pad Tablet P11 6G + 128G 2K WiFi Global Loom.
1739.0,삼섬 갤럭시 탭 S7 FE 128G LTE SM-T735
1740.0,"삼성 갤럭시 탭 신세계 라이브, S7 와이파이 128GB."
1741.0,삼성 갤럭시 탭 S7+ 256GB 와이파이.
1742.0,삼성 갤럭시 탭 S7+ 플러스 12.4 LTE SM-T975 256G.
1743.0,Samsung Galaxy Tab S7 Plus 128GB Wi-Fi Silver 해외 버전.
1744.0,삼성 갤럭시탭 S7 FE LTE 64GB다.
1745.0,"삼성 갤럭시탭 특가 라이브, S7 LTE 256GB."
1746.0,삼성 갤럭시탭S6 라이트 10.464GB SM-P610 와이파이.
1747.0,삼성 갤럭시탭 S6 라이트 10.4 와이파이 64GB다.
1748.0,삼성 갤럭시 탭 S7 11.0 SM-T870 128G 와이파이 블랙.
1749.0,삼성 갤럭시 탭 S7 11.0 SM-T870 256G 와이파이 블랙
1750.0,Samsung Galaxy 탭 7 북 커버 케이스 S 펜 스토리지
1751.0,삼성 갤럭시 탭 S7 와이파이 128GB 블랙.
1752.0,삼성전자 갤럭시탭S7 11.0 LTE+와이파이 128GB다.
1753.0,삼성전자 갤럭시탭 S7+ 12.4 LTE 256GB다.
1754.0,삼성전자 갤럭시탭S7 플러스 LTE 와이파이 512GB다.
1755.0,삼성전자 갤럭시 탭 S7 FE/탭 S7+ 슬림 키보드 북 커버 EF-DT730
1756.0,삼성전자 갤럭시탭 S7 플러스 12.4 와이파이 256GB다.
1757.0,삼성전자 갤럭시탭 S7 FE 12.4 와이파이 64GB
1758.0,삼성전자 갤럭시탭 S7 펠트 실버 64G다.
1759.0,샤오미 아이패드5 얼리버드.
1760.0,샤오미 아이패드5 얼리버드.
1761.0,"샤오미의 아이패드 5 와이파이. 국내산 11인치, 6+128GB. 흰색"
1762.0,"서피스 고등학교 2 코어 M3, 8G RAM LTE."
1763.0,스냅 케이스 갤럭시 탭 S6 라이트 패브릭 북 커버
1764.0,스마트 소아마비 아이패드 프로 12.9 블랙 5세대.
1765.0,새 학기 학생들을 위한 할인 - 아이패드/맥북을 구매할 때 에어팟이 주어질 것이다.
1766.0,아마존 2021 올 파이어 올 뉴 파이어 HD10 32G.
1767.0,아마존 2021 올 파이어 올 뉴 파이어 HD10 32G 블랙.
1768.0,아마존 2021 올 파이어 올 뉴 파이어 HD10 32G 블랙.
1769.0,아마존 2021 올 파이어 HD10 32G 블랙.
1770.0,아마존 2021 올 파이어 HD10 32G 블랙.
1771.0,아마존 파이어 HD.
1772.0,"아마존 파이어 hd10 2019년 129,690 / 하나결제시 무료kb, 롯데, 농협 114,13049"
1773.0,5세대용 iPad 12.9 Magic Keyboard White.
1774.0,아이패드 5세대 12.9M1 칩.
1775.0,iPad 832 기가 셀룰러 SKT 사용자만 사용할 수 있습니다.
1776.0,8세대 아이패드.
1777.0,8세대 아이패드.
1778.0,"8세대, 32세대 아이패드. 무선 전화의"
1779.0,"8세대, 32세대 아이패드. 무선 전화의"
1780.0,"아이패드, 8세대, 32G."
1781.0,아이패드 8세대 GOLD WIFI 32GB입니다.
1782.0,아이패드 8세대 와이파이 32GB 스페이스 그레이입니다.
1783.0,"8세대 Wi-Fi 32GB Space Gray - MYL92KH/A 삼성, 신한, 국민 및 현대 카드 할인."
1784.0,iPad Magic Keyboard White.
1785.0,iPad Mini 5 WIFI 64+Apple Pencil+필름.
1786.0,iPad Air 464g 애플 스토어 학생 할인.
1787.0,iPad Air 64GB Wi-Fi.
1788.0,아이패드 에어 464G 로즈골드.
1789.0,iPad Air 4 Wi-Fi 64G.
1790.0,아이패드 에어 4 와이파이 64G입니다.
1791.0,아이패드 에어 4세대 와이파이 64GB 스페이스 그레이 슈퍼딜 34.
1792.0,iPad Air 4세대 WiFi 64GB.
1793.0,iPad Air 4세대 WiFi 64GB.
1794.0,iPad Air 4세대 WiFi 64GB 스페이스 그레이.
1795.0,iPad Pro 112세대.
1796.0,iPad Pro 112세대 실버 셀룰러 1TB.
1797.0,iPad Pro 113세대 M1 Wi-Fi 128GB.
1798.0,iPad Pro 113세대 M1 Wi-Fi 128GB.
1799.0,아이패드 프로 11인치 2세대 128G 셀룰러.
1800.0,"iPad Pro 11인치, 3세대 128G."
1801.0,"아이패드 프로 11인치, 5세대 128GB 와이파이."
1802.0,"iPad Pro 타입 11, 2세대 Wi-Fi 128GB 스페이스 그레이."
1803.0,"아이패드 프로 타입 11, 3세대 128GB 와이파이."
1804.0,iPad Pro 11세대 M1 칩 WiFi 128GB 스페이스 그레이 MHQR3KH/A.
1805.0,iPad Pro 12.9 256g Cellular.
1806.0,iPad Pro 12.9세대 512 wifi 14.
1807.0,iPad Pro 12.9 5세대 + Apple Care Plus.
1808.0,iPad Pro 2세대 1TB 11인치 셀룰러.
1809.0,"iPad Pro, 3세대, 11인치, 128 셀룰러 실버."
1810.0,아이패드 프로 4세대 12.928GB 와이파이.
1811.0,아이패드 프로 4세대 12.928GB 와이파이.
1812.0,"iPad Pro, 4세대, 12.9인치, 128g."
1813.0,iPad Pro 5세대 11\\
1814.0,아이패드 프로 5세대 12.9인치 와이파이 128GB.
1815.0,아이패드 프로 5세대 12.9인치 와이파이 128GB.
1816.0,아이패드 프로 5세대 12.9 타입 와이파이 128GB입니다.
1817.0,정품 아이패드 프로 5세대 스마트 소아마비.
1818.0,아이패드 프로 5세대 M1 12.9인치 와이파이 256GB.
1819.0,iPad Pro M1 사전 예약.
1820.0,iPad Mini 5 64GB 셀룰러 실버 와우 타깃?
1821.0,아이패드 에어 4. 초록색.
1822.0,iPad Pro를 사용하는 3세대 M1 11인치 128GB IfI.
1823.0,아이패드가 장착된 4세대 실버입니다.
1824.0,iPad Pro 112세대 - 실버/128GB/셀룰러
1825.0,"iPad Pro 113, M1 세대."
1826.0,iPad Pro 11 3세대 m1 128g 와이파이.
1827.0,iPad Pro 11 3세대 m1 128g 와이파이.
1828.0,Apple iPad type 11 m1 칩 wifi 128gb.
1829.0,아이패드 에어 4세대 와이파이 64GB 씨티 신한카드 65만4470원.
1830.0,애플 아이패드 프로가 탑재된 5세대 매직 키보드 화이트.
1831.0,ELECOME Tablet Pouch. 갤럭시 탭 S5E가 최고입니다.
1832.0,원스토어) iPad Pro 5세대 12.9인치 128GB WIFI 모델
1833.0,이마트몰 아이패드 프로 11인치 3세대.
1834.0,"타임 세일 iPad Pro 12.9128GB 959,360 이상, 72."
1835.0,"태블릿 20GB, 6개월에 0원입니다."
1836.0,Tacklast Apexz1 스냅 660 QHD WIFI AMOLED 태블릿.
1837.0,태클스트 M40 글로벌 삼성카드 20%
1838.0,T-DA A7 라이트.
1839.0,해외 삼성 갤럭시 탭 S6 Lite 10.4 WiFi 64GB에서 직접 구매.
1840.0,"애플 아이패드 프로, 11 타입, 3세대 M1 칩."
1841.0,"애플 아이패드 프로, 11 타입, 3세대 M1 칩."
1842.0,APPLE iPad Pro 12.9세대 Wi-Fi 256GB.
1843.0,애플 아이패드 프로 12.9 타입 5세대 M1 칩 256g.
1844.0,Apple iPad Pro Cellular 12.94 세대
1845.0,ESR 아이패드 소아마비 사건.
1846.0,P11 4GB 1260만/6GB 1510만.
1847.0,P11 보호 케이스 + 강화 필름
1848.0,S6 LITE의 오리지널 책은 회색과 파란색을 다루고 있다.
1849.0,XiaoxinPad Tablet P11 6G+128G Globalom.
1850.0,2020년 삼성전자 크리스탈 UHD TV UN85TU8000
1851.0,2021년 삼성 QN75Q80AAFXZA 75인치 QLED 4K TV.
1852.0,65인치 TV.
1853.0,85인치 Samsung Crystal UHD TV KU85UA8100FXKR+사운드바
1854.0,"85인치 삼성 크리스탈 UHD TV KU85UA8100FXKR+사운드바 / 2,341,200원 / 설치"
1855.0,국민카드몰) 삼성 4kku65ut8000
1856.0,디지털 위크 프리즘 코리아 70인치 TV 629000 / 노배 63 예약 판매.
1857.0,삼성 2021 네오 QLED 50인치 4K 게이밍 TV KQ50QNA90AFXKR 스탠드
1858.0,삼성 50인치 TV KU50UA7050FXKR
1859.0,삼성 55인치 사이니지 TV 모니터 4K UHD LH55QBREBGCXKR
1860.0,삼성 65인치 QLED 8K TV.
1861.0,삼성 75인치 TV KU75UT8090FXKR
1862.0,삼성 75인치 TV KU75UT8090FXKR
1863.0,삼성 75인치 QLED TV KQ75QA60AFXKR 스탠드형 표준
1864.0,삼성 85인치 UHD UN85TU8000
1865.0,삼성 크리스탈 UHD 75인치 KU75UT8180FXKR + 사운드 바
1866.0,삼성 UHD TV 75인치.
1867.0,Samsung UHD TV KU85UA8070FXKR 스탠드 유형.
1868.0,삼성 65인치 UHD TV 벽면 장착 65인치 7080
1869.0,삼성전자 4K UHD 146cm TV KU58UA7000FXKR
1870.0,삼성전자 4K UHD TV KU75UT8050FXKR
1871.0,삼성전자 85인치 TV 크리스탈 UHD KU85UA8000 FXKR 카카오페이 카드는 234만4210원입니다.
1872.0,삼성전자 QN75Q80TAF 75인치 QLED 4K TV.
1873.0,삼성전자 UHD 65인치 KU65UT7050FXKR
1874.0,삼성TV.
1875.0,삼성 TV 65인치 KU65UA8000FXKR
1876.0,삼성 UHD TV 125cm.
1877.0,삼성 UHD TV 125cm.
1878.0,쉴드 TV 프로그램.
1879.0,저는 55인치 TV입니다.
1880.0,Apple TV 6세대 4k 32GB.
1881.0,LG OLED 55인치 BX.
1882.0,ENTV 타입 43 DIEN43F-CJ 풀HD TV.
1883.0,"중소기업, 55인치 안드로이드 TV."
1884.0,삼성 TV 85인치 QN85Q60A 직접 구매.
1885.0,프리즘 70인치 4K HDR TV.
1886.0,LG 86나노90UPA 해외직구
1887.0,크리스탈 UHD TV 125cm KU50UT7000FXKR
1888.0,크리스탈 UHD TV 125cm KU50UT7000FXKR
1889.0,크리스탈 UHD TV KU75UT8050FXKR 각도 벽면 장착 삼성전자 75인치 TV
1890.0,G9) 20년 QN85Q80T 85인치 TV 파이프 세금 + 국내 배송비 포함
1891.0,G마켓) 삼성전자 75인치 KU75UT7080FXKR
1892.0,LG 86인치 해외 직구 TV 86UN8570AUD.
1893.0,LG 86인치 TV 86UN8570AUD
1894.0,LG 86인치 TV 86UN8570AUD
1895.0,LG 올레드 TV 올레드48A1ENA 48인치 OLED TV.
1896.0,LG 올레드 TV 올레드 48CXKNB 48인치.
1897.0,LG 올레드 TV 올레드48a1ena.
1898.0,LG전자 UHD TV OLED48C1KNB
1899.0,LG전자 UHD TV OLED48C1KNB
1900.0,LG전자 올레드 55G1KNA 138cm
1901.0,LG전자 OLED65BXENA.
1902.0,LG전자 OLED65CXCNA.
1903.0,OLED TV OLED65A1에나
1904.0,삼성전자의 정품 다기능 SL-T1670W 긴급 급기.
1905.0,몬삼성 SL-T1670W 정품 잉크젯 콤플렉스 와이파이 지원은 12만9000원인데 카카오페이 결제 시 11만6100원 입니다. 34[디지]
1906.0,브라더 레이저 프린터 HL-L2360DN 흑백 고속 양면 인쇄.
1907.0,"형, 무한 잉크 조합."
1908.0,브라더 콤플렉스 DCP-T720DW 정품 잉크.
1909.0,"브라더 HL-L3210CW 프린터 VIXX 187,600"
1910.0,Samsung Laser & Inkjet Compound Collection
1911.0,삼성의 오리지널 인피니트 잉크젯 SL-T1670 시리즈.
1912.0,삼성 정품 잉크젯 다기능 SL-T1672W 화이트
1913.0,삼성 정품 잉크젯 다기능 SL-T1672W 화이트
1914.0,삼성 컬러 레이저 무선 복합체 SL-C563W.
1915.0,삼성 컬러 잉크젯 복합체 SL-J1660
1916.0,삼성 프린터 무선 결합기.
1917.0,삼성 SL-J1670w.
1918.0,Samsung sl-m2030w 프린터.
1919.0,삼성 SL-M2030W 흑백 레이저 프린터
1920.0,삼성 SL-M2893FW 레이저 컴파운드
1921.0,삼성 SL-T1670 정품 잉크젯 복합체 + 스퀘어 미니 등 4종 12% 할인
1922.0,Samsung SL-T1670 정품 잉크젯 복합체 + 네모닉 미니 증정
1923.0,Samsung SL-T1670W 정품 잉크젯 복합기
1924.0,삼성전자 SL-C563FW 컬러 레이저 팩스 복합체
1925.0,삼성전자 SL-J1680 잉크젯 복합기
1926.0,삼성전자 SL-T1670 정품 잉크젯 복합기
1927.0,삼성전자 SL-T1670W 인피니트 컬러 잉크젯 단지
1928.0,Epson의 무한 잉크 조합입니다.
1929.0,마우스 시장)SL-T1670W 정품 잉크젯 삼성 복합 기계 프린터
1930.0,캐논의 정품 잉크 멀티플레이어 G3923
1931.0,Phantomprinter compatible toner pc-210ev.
1932.0,SL-T1670 잉크젯 컴파운드
1933.0,- Apple 2020 iPad 10.28 8세대 Wi-Fi 128GB.
1934.0,갤럭시 21... 쿠팡 와우.
1935.0,"갤럭시 플립3, 폴드3 삼성카드 음료 12% 할인 + 민티 추가 보상 15만원 + 신고 쿠폰 8만원이다."
1936.0,"갤럭시 플립3, 폴드3 삼성카드 음료 12% 할인 + 민티 추가 보상 15만원 + 신고 쿠폰 8만원이다."
1937.0,"갤럭시 A90 SK 번호이동, 기기변경 선택약정"
1938.0,갤럭시 M12 자급제 케이스.
1939.0,갤럭시 S21.
1940.0,갤럭시 S21 투명 젤리 케이스 1+1
1941.0,"갤럭시 S21, 256GB, SM-G991N 37."
1942.0,갤럭시S6 라이트 64GB 와이파이입니다.
1943.0,갤럭시 Z 폴드 3 아라미드 케이스 EF-XF926입니다.
1944.0,갤럭시Z 플립3 5G 자급제 SM-F711N 사전예약
1945.0,갤럭시Z 폴드3 & Z 플립3 사전 예약입니다.
1946.0,"갤럭시Z폴드3, 256GB 자급제다."
1947.0,갤럭시노트10은 S클래스+3 기본 액세서리를 적용했다.
1948.0,갤럭시탭S7 FE LTE 64GB다.
1949.0,갤럭시 S20 FE 자급제.
1950.0,갤럭시 S20fe 5g 자급제.
1951.0,갤럭시S21 256GB 자급제.
1952.0,Galaxy S21 Gray + Buzz Live.
1953.0,갤럭시S21 울트라 256GB다.
1954.0,갤럭시S21 울트라 256GB 자급제 블랙/실버. 먼저 온 사람에게 우선권이 주어진다.
1955.0,갤럭시S21 울트라 256GB 자급제 예약판매
1956.0,갤럭시 S21 울트라 셀프 예약 + 플립북.
1957.0,갤럭시S21 자급제 256GB다.
1958.0,갤럭시A32 64GB 자급제 SM-A325N+케이스+3 정식 인증이다.
1959.0,럭시 A4234 [디지]
1960.0,Reaper Galaxy Z Flip 5 g sm-f707 화이트 전용
1961.0,갤럭시S21 자급제폰 99만9900원 시판
1962.0,10개.
1963.0,벨킨 아이폰 13 강화유리 2개
1964.0,빅스 SKT 기질 갤럭시 퀀텀2 완전배송/사전구매/슬림
1965.0,삼성 갤럭시 플립3.
1966.0,삼성 갤럭시A32 64GB 자급제 SM-A325N.
1967.0,삼성 갤럭시A32 64GB 자급제 SM-A325N.
1968.0,삼성 갤럭시 m12 자급제.
1969.0,삼성 갤럭시 S21 자급자족.
1970.0,삼성 갤럭시S21 셀프예약폰 사전예약카드 청구 + 적금은 82만9917원의 혜택이 있다.
1971.0,삼성 폴드 2.
1972.0,삼성 A51 자급제.
1973.0,"삼성전자 갤럭시Z 폴드3, Z 플립 자급제폰."
1974.0,"삼성전자 갤럭시 S20 FE, SM-G781NZBAKOO."
1975.0,삼성전자 갤럭시S21 256GB 자급제다.
1976.0,삼성전자 자급제 갤럭시S21 256G 5G/LTE
1977.0,아이폰 11 프로 맥스.
1978.0,아이폰 12 64gbed.
1979.0,아이폰12 자급제 256GB 그린
1980.0,아이폰12 자급제 삼성카드 10만 원 할인.
1981.0,아이폰 12 프로.
1982.0,iPhone 12 Pro 256GB.
1983.0,아이폰 12 미니 128g 디즈니 특별 예약입니다.
1984.0,아이폰12 PRO 256GB KT 기기 변경
1985.0,아이폰 13 미니 자급제 128GB.
1986.0,iPhone 13 Pro 256GB.
1987.0,아이폰 13 프로.
1988.0,"아이폰 미니 자급제 64G 삼성카드, 즉시 10% 할인"
1989.0,"아이폰 미니 자급제 64G KB카드, 즉시 10% 할인."
1990.0,아이폰 신한카드 터치 결제 케이스입니다.
1991.0,아이폰 프로 11.
1992.0,아이폰SE 2세대 256GB 화이트.
1993.0,iPhone XS Max Apple 오리지널 가죽 케이스 - Pony Pink
1994.0,아이폰 11프로 256g.
1995.0,iPhone 11 Pro 64g 카드 할인.
1996.0,아이폰 11 프로 64gb 스페이스 그레이 1080860원입니다.
1997.0,아이폰 11 프로 미드나잇 그린 256GB.
1998.0,아이폰12 128 skt. 약점 이전.
1999.0,256G 아이폰 12는 녹색이다.
2000.0,"아이폰 12 64g, 빨간색, 파란색 25% 할인."
2001.0,iPhone 12 Mini 64GB skt 선택약정 기기 변경 및 번호이동
2002.0,아이폰 12 시리즈.
2003.0,"아이폰 12 프로 128 그래파이트, 실버."
2004.0,아이폰 12 프로 256... 성질이 고약하다.
2005.0,아이폰12 프로 256GB 자급제.
2006.0,iPhone 12 Pro 자급제 512GB Pacific Blue.
2007.0,아이폰12 PRO KT의 기질/아니다.
2008.0,아이폰 12 프로 맥스 자급제 256G Pacific Blue.
2009.0,"아이폰12 블루, 레드 256G 제휴카드 결제 시,"
2010.0,아이폰 12 프로 128g.
2011.0,iPhone 12 Pro 256 자급제.
2012.0,아이폰 13 자급제 256GB.
2013.0,아이폰 13 전 모델 10/1 사전 예약 링크
2014.0,iPhone 13 Pro 128 자급제.
2015.0,아이폰 13 시리즈 2차 예약 판매.
2016.0,아이폰 SE2 256GB RED.
2017.0,아이폰SE2 256GB 자급제 적색.
2018.0,아이폰 XS 512GB. 2년 계약.
2019.0,"알뜰폰 USIM 신규/번호는 1.5G 데이터, 100분 통화, 100개 문자 메시지입니다."
2020.0,애플 아이폰 SE2 256GB 자급제.
2021.0,애플 아이폰 SE2 화이트 256GB 자급제.
2022.0,자급제 갤럭시 S21 울트라.
2023.0,"자급제, 아이폰 13 프로맥스 128."
2024.0,"자급제 아이폰 13%, 맥스"
2025.0,갤럭시 S9 사용.
2026.0,쿠팡) 아이폰 12 블루 256 기가
2027.0,Redmi Note 104GB + 128GB 정발.
2028.0,레드미 노트 10퍼센트.
2029.0,Redmi Note 10 Pro 6G RAM 자급자족.
2030.0,공식 한국어 버전인 레드미 노트 10 프로.
2031.0,Redmi Note 9 Pro 6+128GB Global Loom White.
2032.0,Redmi Note 9S 6+128G 일본어 버전.
2033.0,레드미 노트9. 나쁜 세이브.
2034.0,레드미 노트9의 첫 번째 공약. 번이 세이브.
2035.0,핸드폰 샵 아이폰 13 특별 전시회.
2036.0,Apple iPhone 12 Pro 128GB 자급자족 흰색/검은색
2037.0,ESR iPhone 12 풀 커버 강화유리. 2잔.
2038.0,IKOON 갤럭시Z 시리즈 하드케이스 + 보호필름 강화세트 등
2039.0,아이폰 12 미니 화이트 64GB.
2040.0,LG Q31 실버.
2041.0,LG v50은 공기 측정기를 사용했다.
2042.0,LG v50은 공기 장치를 사용했다.
2043.0,LG 윙 자급자족.
2044.0,레드미 노트10 PRO 128G
2045.0,s6 lite 128g LTE
2046.0,SKT 기질 갤럭시 퀀텀2 풀/사전계약/슬림
2047.0,SKT 기질 갤럭시 퀀텀2 풀/사전계약/슬림
2048.0,SKT의 기질 갤럭시 S21 5G 결제/사전 계약/슬림.
2049.0,SKT의 기질/숫자는 갤럭시A 양자결제/사전약속입니다.
2050.0,SKT의 기질/번호는 갤럭시A71 5G 결제/사전계약/표준 이상이다.
2051.0,SKT의 기질/번호는 갤럭시A71 5G 결제/사전계약/표준 이상이다.
2052.0,SKT의 기질/번호는 갤럭시A90 5G 결제/사전계약/표준 이상이다.
2053.0,SKT의 기질/번호는 갤럭시A90 5G 결제/사전계약/표준 이상이다.
2054.0,SKT의 기질/번호는 갤럭시A90 5G 결제/사전계약/표준 이상이다.
2055.0,SKT의 기질/숫자는 갤럭시A 퀀텀/사전 약속입니다.
2056.0,SKT 기질번호는 아이폰12 미니 128G다.
2057.0,SKT의 기질/번호는 아이폰12 프로 256G/완전결제/사전계약입니다.
2058.0,SKT의 기질/번호는 아이폰12 128G 결제/사전계약입니다.
2059.0,skt 사용자만 할 수 있습니다. SKT 정발홍미 노트10 프로 사전예약.
2060.0,skt 사용자만 할 수 있습니다. SKT 정발홍미 노트10 프로 사전예약.
2061.0,"SKT LG Q92, 5G 단말기 가격완료결제/기분/약 25% 할인/슬림요금제/사은품 여행용 통신사 증정 46"
2062.0,Z 플립 5g 자급제 89만9000원 / 워치3 27만9000원 37.
2063.0,레이저 크레이큰 X 헤드셋.
2064.0,레이저 크레이큰 X 헤드폰.
2065.0,Logitech H570e Stereo Business Conference 헤드셋 + 게이밍 키보드 기프트 등.
2066.0,모멘텀 3. Wireless White + BT T100.
2067.0,바라쿠다 X 무선 헤드셋.
2068.0,뱅앤올룹슨 블루투스 헤드폰. 3세대 H9.
2069.0,소니 헤드셋 WH-1000XM3 블랙
2070.0,소니 헤드셋 WH-1000XM3 블랙/실버
2071.0,Sony WH-1000MX4 소음 헤드폰 취소
2072.0,소니 WH-1000XM4.
2073.0,Sony WH-1000XM4 블루투스 헤드폰.
2074.0,IBH-NC200 강입니다
2075.0,iRiver IBH-NC200 유무선 블루투스 헤드폰 노이즈 제거
2076.0,아이 영리한 어린이 청각 보호 헤드셋.
2077.0,Anker Soundcore A3025 Life Q20 헤드폰.
2078.0,Anker Soundcore Q35 노이즈 제거 헤드폰 출시.
2079.0,앤커 Q30 헤드폰.
2080.0,에어팟 맥스.
2081.0,오디오 테크니카 ATH-ANC700BT 노이즈 제거 헤드폰.
2082.0,오디오 테크니카 ATH-ANC700BT 노이즈 제거 헤드폰.
2083.0,자브라 블루 페렛 블루투스 헤드셋.
2084.0,JBL Quantum 800 무선 게임 헤드셋.
2085.0,JBL Quantum 800 무선 게임 헤드셋.
2086.0,젠하이저 무선 헤드셋 모멘텀 3 무선 할인.
2087.0,젠하이저 헤드폰 HD300 2종 세트입니다.
2088.0,킹스톤 HyperX 클라우드 II
2089.0,터틀 비치 스텔스 700gen2 PS용 무선 헤드셋입니다.
2090.0,AKG N700
2091.0,AUDEZE 펜로즈 게임용 헤드셋.
2092.0,"HD600, HD660 ID4"
2093.0,"Koss 휴대용 스테레오 전화 헤드폰, 흰색 회색 KSC75."
2094.0,1번가) Samsung MicrosSD Card EVO PLUS 512GB.
2095.0,공식 인증 Micro SD EVO PLUS 256GB MB-MC256HA/KR
2096.0,공식 인증 Micro SD EVO PLUS 512GB MB-MC512HA/KR
2097.0,공식 마이크로 SD 카드 EVO PLUS 256GB.
2098.0,공식 인증 마이크로 SD 카드 EVO PLUS 512GB.
2099.0,Samsung Microsd Card Evo Plus 256G MB-MC256 공식 인증HA/KR
2100.0,공식 인증된 Samsung MicrosD EVO PLUS 512GB MB-MC512HA/KR
2101.0,Chlol San Disk Ultra Micro SD 메모리 카드 SDSQUAR-128GB.
2102.0,Samsung 512G 메모리 카드 EVO PLUS.
2103.0,삼성의 공식 마이크로 SD 카드 EVO PLUS 512GB MB-MC512HA/KR
2104.0,삼성 공식 인증 정품 마이크로S 카드 EVO PLUS 512GB MB-MC512HA/KR 메모리 카드.
2105.0,Samsung Micro SD 256GB EVO PLUS.
2106.0,"삼성 마이크로 SD카드 512GB의 최종 혜택은 59,000원 / 무료배송 47입니다."
2107.0,"삼성 마이크로 SD카드 512GB의 최종 혜택은 59,000원 / 무료배송 47입니다."
2108.0,Samsung Micro SD Card Evo Plus 512GB.
2109.0,Samsung MicroSD 512 Evo Plus.
2110.0,Samsung Micro SD EVO PLUS 256G.
2111.0,Samsung Micro SD EVO PLUS 512GB.
2112.0,Samsung Micro SD EVO PLUS 512GB.
2113.0,Samsung Micro SD EVO PLUS 512GB.
2114.0,Samsung Microsd EVO PLUS 512GB.
2115.0,Samsung Micro SD EVO PLUS 512GB + Samsung Card 추가 할인
2116.0,삼성 마이크로SD 생산성 128g 등입니다.
2117.0,Samsung Micro SD Card 128GB EVO PLUS U3 메모리 카드.
2118.0,Samsung Micro SD Card EVO PLUS 256GB.
2119.0,Samsung Micro SD Card EVO PLUS 512 기가.
2120.0,Samsung Micro SD Card EVO PLUS 512GB.
2121.0,삼성카드가 겹치는 경우 Samsung Evo Plus 512GB MicroSD 63790.
2122.0,마이크로 SD evo + 512Gb
2123.0,Samsung MicroSD 메모리 카드 512G.
2124.0,Samsung MicrosSD Evo Plus 256GB.
2125.0,MicroSD EVO PLUS 128GB MB-MC128HA/KR
2126.0,마이크로SD EVO PLUS 256G
2127.0,Samsung MicroSD EVO PLUS 512G/KR+리더.
2128.0,Samsung MicrosSD EVO PLUS 512GB 메모리 카드.
2129.0,"삼성마이크로SD EVO PLUS 512GM 60,230원 / 국민카드 56,020원 37원"
2130.0,Samsung MicroSD EVO PLUS MB-MC512HA/KR+보석 케이스
2131.0,마이크로SD PRO 내구성 128GB
2132.0,Samsung MLC Micro SD PRO 내구성 128G.
2133.0,Samsung MLC Black Box Micro SD PRO 내구성 128GB.
2134.0,Samsung MLC Black Box Micro SD PRO 내구성 128GB.
2135.0,Samsung SD Card EVO PLUS 128GB.
2136.0,Samsung UFS Card 256GB + 리더.
2137.0,삼성전자 마이크로 SD PRO 내구성 128GB.
2138.0,삼성전자 Micro SD 카드 EVO PLUS 256GB/512GB
2139.0,삼성전자 PRO 내구성 128GB MJ128GA/APC.
2140.0,삼성전자의 PRO 내구성 MLC MicroSD 메모리 카드 128GB.
2141.0,San Disk Micro SD 카드 512G.
2142.0,SanDisk Ultra Micro SD 128GB.
2143.0,SandDisk Ultra Micro SD 메모리 카드 SDSQUAR-128GB.
2144.0,SanDisk Ultra Micro dxc 256GB.
2145.0,셀 수 없이 많은) 렉사 메모리 카드.
2146.0,Sandisk micro sd extream pro 256g
2147.0,2021 iMac 24/Purple/M1/8cpu/8gpu/16GB/256ssd
2148.0,CTS SanDisk Ultra 3D NVME SSD 1TB/SDSDH3N
2149.0,CTS SanDisk Ultra 3D NVME SSD 2TB/SDSDH3N
2150.0,Micron Critical MX500 1TB SSD
2151.0,마이크론 크루셜 MX500 대원 CTS 250GB.
2152.0,Micron Critical X8 휴대용 SSD 500GB.
2153.0,마이크론 MX500 1TB 대원 CTS.
2154.0,Samsung Portable SSD 500GB T7 Touch.
2155.0,Samsung Evo Plus 512g 21번째 흰색 + 카카오 핸드 타월 증정
2156.0,삼성 SSD T7 터치 500GB.
2157.0,Samsung T7 터치 1TB.
2158.0,삼성전자 외장 SSD T7 1TB
2159.0,SanDisk Extreme 휴대용 SSD E611결핵.
2160.0,씨게이트 바라쿠다 510 M.2 Nvm 500gb.
2161.0,Seagate Max Z1 SSD 960GB.
2162.0,에센코어 클레브 8GB PC4-25600 등.
2163.0,중요한 X8 외장 SSD 500GB
2164.0,ADATA SX8200Pro NVMe 1TB
2165.0,중요한 P5 1TB
2166.0,Sandisk Ultra 3D NVME SSD 1TB
2167.0,SK 하이닉스 골드 P31 M.2 NVME SSD 2280 1TB TLC
2168.0,SK하이닉스 GOLD P311결핵.
2169.0,SK하이닉스 GOLD P311결핵.
2170.0,SK 하이닉스 GOLD P31 2TB.
2171.0,SK 하이닉스 SK 하이닉스 골드 S31 SSD 1TB TLC 2.5
2172.0,WD 1tb SN850 NVMe SSD
2173.0,끌 삼성전자 블루 스카이 공기청정기 AX100N4020WD 30평.
2174.0,네오홀릭 미니 공기청정기.
2175.0,Samsung Cube 공기청정기.
2176.0,삼성전자 무풍 큐브 공기청정기는 20평이다.
2177.0,샤오미 공기청정기 미에어 3C.
2178.0,샤오미 공기청정기 미에어 3C 한국판 / 2020년 최신형
2179.0,샤오미 공기청정기 미에어 2H 한국어 버전 A/S.
2180.0,샤오미 공기청정기 3C.
2181.0,- 샤오미 에어 3C 한국어 버전. - 국내 배송.
2182.0,"샤오미, 에어크3."
2183.0,"샤오미, 미아, 미홀 공기청정기."
2184.0,샤오미 공기 2H 공기청정기.
2185.0,LG 퓨리케어 공기청정기 신제품 AS111WEW
2186.0,압소울트 드리프트 + 라지 2.
2187.0,언더테일
2188.0,Unreal Engine Asset 5 유형 / 시간 내에 좌초
2189.0,외계인 고립.
2190.0,EXCOOME 2.
2191.0,엘더 스크롤 V: 스카이림 스페셜 에디션
2192.0,용처럼 제로.
2193.0,위처 3: 고티 더 위처 3: 와일드 헌트 - GOTY
2194.0,유비소프트 게임은 5개의 묶음을 구매하면 85%의 묶음을 구축합니다.
2195.0,유비소프트의 봄맞이 게임. 80% 할인.
2196.0,인디게임 ALTF4.
2197.0,애니멀 크로스 파우치/강화 유리
2198.0,JOITRON Xbox Wireless 컨트롤러 이중 충전기 배터리 키트.
2199.0,철권 7호.
2200.0,퀀틱 드림 컬렉션 디트로이트 비컴 휴먼 + 비욘드 투 소울 + 헤비 레인.
2201.0,왕을 위해. 왕을 위해.
2202.0,포트리스 V2.
2203.0,플레이스테이션에 1년 동안 가입하세요.
2204.0,PlayStation 5 사전 주문.
2205.0,절대 드리프트 / 분노 2
2206.0,아가사 크리스티: ABC 살인 사건
2207.0,에이지 오브 스틸: 충전
2208.0,외계인: 고립 - 마지막 생존자 / 와우
2209.0,외계인: 고립 / 운명의 손 2
2210.0,어쌔신 크리드: 중국 연대기
2211.0,발란시티
2212.0,비펜스 / 다이어트 중인 고양이 / 솜털 같은 생물 vs 더 월드
2213.0,블러드 하베스트3
2214.0,봄버 크루
2215.0,브라가도르: 업어머드 디럭스
2216.0,캡콤 아케이드 경기장. 추가 내용. 마계촌.
2217.0,우물 안의 창조 / 와우 애완동물 바나나 원숭이
2218.0,우는 태양들
2219.0,큐비클 퀘스트
2220.0,단다라: 트라이얼 오브 피어 에디션
2221.0,어두운 색의
2222.0,드 블롭 2
2223.0,데드라이트: 디렉터스 컷
2224.0,데포니아: 완전한 여정 / 켄 폴렛의 지구의 기둥 / 첫 번째 나무
2225.0,DJ MAX RESPECT V 겨울 할인.
2226.0,DJ MAX는 V 설날 할인을 존중합니다.
2227.0,드림플라이/PANCHER BALL
2228.0,유로 트럭 시뮬레이터 2
2229.0,림보 종료: 오프닝
2230.0,fm2021 / 축구 감독 2021.
2231.0,은하 문명3
2232.0,갤럭시움
2233.0,가필드 카트
2234.0,회색 고양이
2235.0,할키온6 스타베이스 커맨더
2236.0,안녕하세요 이웃 2 알파 1
2237.0,HITMAN 3 액세스 패스: HITMAN 1 GOTY 에디션
2238.0,호프레이크
2239.0,Horizon Zero Dawn Complete Edition
2240.0,잊혀진 왕국의 유휴 챔피언 *기간 한정 혜택: 명성의 에픽 챔피언 무료 100달러
2241.0,내부
2242.0,쥬라기 월드 에볼루션
2243.0,KADS 애니메이션 에디션.
2244.0,작은 연
2245.0,작은 악몽
2246.0,메트로 2033
2247.0,"메트로 라스트 라이트 렉스, 왕을 위하여"
2248.0,메트로: 2033 레덕스
2249.0,메트로: 라스트 라이트 덕스
2250.0,버섯 고양이 2
2251.0,포르티아에서의 나의 시간
2252.0,해군전
2253.0,숲속의 밤
2254.0,누바론: 불운한 요정의 모험
2255.0,만원 열차
2256.0,PC 드래곤볼 게임 시리즈 84% 할인.
2257.0,소나무
2258.0,플래닛코스터 롤러코스터 관리 시뮬레이션
2259.0,홈 프리 게임에서 플레이하십시오.
2260.0,Powkiddy A12 Retro 게임 콘솔 - 한국 패치
2261.0,죽지 않으려면 X 누르기
2262.0,PS4 라스트 오브 어스 + 갓 오브 워 + 킹덤 3 또는 도그 파이터.
2263.0,PS5 디스크 버전.
2264.0,PS5 메인 본체 디스크 버전.
2265.0,PS5 메인 본체 디스크 버전.
2266.0,PS5 사전 예약 구매는 5월 7일 오후 12시에 시작됩니다.
2267.0,퀀텀 리그 스팀.
2268.0,퀴플래시
2269.0,레드윙스: 에이스 오브 더 스카이
2270.0,룬스톤 키퍼
2271.0,러스티 레이크 호텔
2272.0,슬래시 잇
2273.0,솔리타이리카
2274.0,쇠쥐
2275.0,강철 쥐 / 세계의 새벽
2276.0,좌초된 깊은 곳
2277.0,태양 없는 바다
2278.0,슈퍼 장난감 자동차
2279.0,참호 공격!
2280.0,서바이벌리스트
2281.0,서바이벌 마스
2282.0,테일즈 오브 네온
2283.0,Issac 시리즈의 바인딩입니다. -50% 할인.
2284.0,드림 머신: 제1장 & 2장 / 공항 광기: 월드 에디션
2285.0,이스케이피스트
2286.0,인간의 타락
2287.0,퓨링 퀘스트
2288.0,전쟁 3 극장 : 한국
2289.0,투나잇 위 라이엇
2290.0,열차 펑크 주행
2291.0,트로피코5
2292.0,얼티밋 에픽 배틀 시뮬레이터
2293.0,유토포스
2294.0,"VR 게임 하프라이프, 알릭스."
2295.0,워게임: 레드 드래곤
2296.0,애완견 구경하기: 군단 - 겨울 휴가 선물
2297.0,아자아자
2298.0,마녀들의 장난: 개구리 포춘 컬렉터 에디션
2299.0,월드 오브 탱크 공습 - 스페이스 팩
2300.0,월드 오브 군함 - 독점 스타터 팩 / Ricky Carmichael Farm - GOAT
2301.0,월드 오브 전함 전용 스타터 팩
2302.0,x 상자 급수 s
2303.0,X박스 컨트롤러 무선 수신기 Microsoft 정품.
2304.0,"XBOX의 4세대 무선 컨트롤러, 카본 블랙."
2305.0,"Xbox 4세대 블루투스 컨트롤러. 검은색, 흰색, 파란색."
2306.0,엑스박스 기프트 카드 3만 원.
2307.0,Xbox Bluetooth 컨트롤러. 새로운 4세대 쇼크 블루입니다.
2308.0,의 디지털 코드
2309.0,XBOX 컨트롤러용 충전 키트 및 케이블.
2310.0,새 Xbox 패드.
2311.0,XBOX 배틀필드1 그들은 통과하지 못할 것이다 / 디아볼릭 / THE ART - 변신
2312.0,XBOX ONE 새 무선 수신기.
2313.0,엑스박스 시리즈 S 512GB
2314.0,Xbox 시리즈 x 확장 스토리지 카드 1TB
2315.0,Xbox SX SSONE Wireless Adapter Agent 정품 Win10 호환
2316.0,Xbox 4세대 무선 컨트롤러.
2317.0,XBOX 게임 이놉스.
2318.0,XBOX 수신기.
2319.0,XBOX와 호환되는 게임 몇 가지를 해보겠습니다.
2320.0,13세
2321.0,크리스마스 촬영 - 스크램블!!
2322.0,휴맥스 T3Av2-b AC1200 메쉬 Wi-Fi 라우터 1+1
2323.0,Asus ax88u
2324.0,ASUS RT-AX56U 라우터.
2325.0,EFMipTIME AX3004ITL 기가비트 유무선 와이파이 라우터 skul + samka 113060원.
2326.0,iptime 라우터 A2003NS-MU.
2327.0,ipTIME 기가비트 유무선 라우터 흰색 AX2004M
2328.0,ipTIME 유선/무선 라우터 AX2004BCM
2329.0,iptime a9004m-x2
2330.0,애플 펜슬 2세대 MU8F2KH/A.
2331.0,애플 펜슬 2세대.
2332.0,Anker Nebula 베가 휴대용 스마트 빔 프로젝터.
2333.0,Anker Korea는 50% 특가입니다.
2334.0,에버튼 하우스 초음파 가습기 4L + 리모컨.
2335.0,에어드레서 DF10T9300CG
2336.0,엑센 플레이와 블루투스 마이크 P151입니다.
2337.0,M.P.O 음성 5in-1 멀티 라디오.
2338.0,오닉스 포크 3번.
2339.0,오즈모 모바일 4. OM4.
2340.0,OZWind 에어 핏 바디 드라이어.
2341.0,와콤 CINTE 16 DTK-1660
2342.0,"안녕, 하나."
2343.0,WACOM High Unifen Galaxy Tab 갤럭시 노트 갤럭시 북펜.
2344.0,벽지 엔진 벽지 엔진.
2345.0,웨이브링크 UH30414 4포트 USB3.0 허브.
2346.0,위닉스 16kg 건조기 HGXH160-KSK
2347.0,ULike Home IPL 반영구 셀프 레이저 제모기
2348.0,"그것은 5월에도 운영됩니다! 0원 요금제부터 데이터 무제한은 12,600원입니다. USIM은 무료 77입니다."
2349.0,유알모 유심칩 100원.
2350.0,의류 건조기 DV16T8520BV
2351.0,EZNET 유비쿼터스 NEXT-POE1008 기가비트 지원 PoE 120w 스위치 허브
2352.0,체내지방 측정 스마트 스케일 다이얼 H20N
2353.0,인스타그램 미니필름.
2354.0,전기 모기장 두 개.
2355.0,"전기면도기 9385cc 그래파이트 + 세정액 4종 추가 + 신세계상품권 10,000원"
2356.0,접이식 노트북 홀더.
2357.0,카멜 마운트 pma-2 모니터 암.
2358.0,카수 무선 칫솔 살균기.
2359.0,2021년형 소형 세단 sc3045
2360.0,복사기랜드 c400 문서 분쇄기.
2361.0,복사기랜드 sc5412 문서분쇄기.
2362.0,"캐치웰의 초간단, 완전분리, 세척, 초음파 가습기."
2363.0,포드 USB C Hub 8-in-1 USB C Type Multi Hub 연결 중.
2364.0,코비 CPR30 미니 라디오.
2365.0,코지마 하이팝 듀얼 풋 드링킹 머신.
2366.0,콩콩절 제닉스 대나무 야자수.
2367.0,쿠쿠 6인분. Ih smart JHI0660FSM.
2368.0,쿠쿠 비데 G1031W
2369.0,쿠쿠 IH 압력밥솥 10인분.
2370.0,쿠쿠 T8700 20평 공기청정기입니다.
2371.0,뻐꾸기 트윈프레셔 6인분. 6인용 조명.
2372.0,쿠쿠 비데 CBT-IS1031RW.
2373.0,킥보드 9봇 맥스 G30 정발.
2374.0,황소 태블릿 홀더 표시등.
2375.0,탑힐 울트라라이트 전신마사지 건 마사지 건 어버이날 선물
2376.0,T300 마스터를 믿으세요.
2377.0,마스터 t300 + th8a 패키지를 신뢰하십시오.
2378.0,TP 링크 1080P FHD 360도 비전 WIFI 실내 감시 카메라
2379.0,Prime Quick QC3.0 1포트 어댑터 1+1
2380.0,프리즘 광폭 K 클램프 타입.
2381.0,프리즘 LED 스탠드 브로드윙 K.
2382.0,필립스 2200 라떼 클래식 완전 자동 에스프레소 머신 EP2221/43
2383.0,"필립스 9,000 시리즈 셰이버 S9131/37"
2384.0,Philips Sonic Care Easy Clean Double Handle 패키지 HX6512/02 + 칫솔모 HX6064/67
2385.0,Philips Sonic Care Easy Clean Double Handle 패키지 HX6512/02 + 칫솔모 HX6064/67
2386.0,필립스 안전 블레이드 2-헤드 방수 코털 리무버
2387.0,필립스 에스프레소 머신 ep1200/03
2388.0,필립스 전동 칫솔 HX6232
2389.0,필립스 코털 리무버 nt1620
2390.0,필립스 EP1200/03
2391.0,HOLYSTONE 드론 HS210과 다른 HS220...
2392.0,휴비딕 B.P.C.프로 자동 전자 포어 암 혈압 게이지 HBP-1500
2393.0,휴이온의 캠바스 13호.
2394.0,ADATA UV350 USB 3.1 USB 메모리 64GB
2395.0,AMD Risen R95900X Vermere 정품 냉각기 미포함
2396.0,asus tuf gaming b550m + stcom
2397.0,BEAM2 SE 꼬다리댁.
2398.0,C 타입 멀티허브 타입 2의 예약주문입니다.
2399.0,컬러풀 iGAME RTX 3070 고급 OC D6 8GB
2400.0,DJIOM4의 스마트폰 짐벌 플러스 전용 케이스.
2401.0,DS920+
2402.0,기가바이트 AORUS 마스터 지포스 RTX 3070 D6 8GB JCC 프레젠테이션.
2403.0,LED 벽시계.
2404.0,LG 씨네빔 4K HU70LA.
2405.0,LG Cinebeam PF50KS 빔 프로젝트 타임딜.
2406.0,LG Cinebeam PF50KS 빔 프로젝트 타임딜.
2407.0,"LG전자 트롬 건조기 RH16VTAN 16kg [1,099,00013]"
2408.0,번개. 공기 주입.
2409.0,모가 게임 패드.
2410.0,MSI GeForce RTX 3090 Supreme X Graphic Card.
2411.0,MIMAG B450M 박격포 최대.
2412.0,"nbf100a 모니터 암 30,630 / Free 38"
2413.0,nb-f100a 모니터 암.
2414.0,nb-f100a 모니터 암. USB 연장 케이블은 무료로 제공됩니다.
2415.0,넥시
2416.0,OTT 셋톱박스 딜라이브 H5+카카오 미니 스피커입니다.
2417.0,필립스 필립스 1200 에스프레소 머신 EP1200/03
2418.0,RTX 3070 트리오.
2419.0,RTX3070 FE
2420.0,물론 MV7B USB 마이크.
2421.0,SK세븐 모바일 유심.
2422.0,SK세븐 모바일 유심.
2423.0,SK세븐 모바일 유심.
2424.0,SK 스마트 플러그 RTP-2019W.
2425.0,SK 매직 터치온 식기세척기 12인분.
2426.0,SK 매직 터치 온 식기세척기 DWA-8001D
2427.0,SK 매직펫 공기청정기 ACL-131T0.
2428.0,수트마스터 TENERGY 750W 골드 풀 모듈러 suit suit파
2429.0,시베리아2
2430.0,Synology DS420+ 4인치 NAS
2431.0,Synology DS720+ NAS 2 Bay 스토리지 정품 저장 장치만 해당
2432.0,시놀로비 DS220J
2433.0,"T300RS GT EDITION 레이싱 휠 + TH8A 시프터 패키지, 페달 3개 포함"
2434.0,LG 프렌치 5도어 얼음정수기 냉장고 F813SB3d
2435.0,HP ProBook 635 Airo G7 2Z8Y6PA 르누아르 R5-4500u
2436.0,LG 그램 17ZD90P-GX50K.
2437.0,LG 울트라 노트북 13U70P-GR56K.
2438.0,LG전자 그램 스노우 화이트 노트북 17ZD90P-GX30K
2439.0,LG전자 울트라PC 13UD70P-GX50K.
2440.0,Zenix TITAN GM AIR 무선 천공 무선 게임 마우스.
2441.0,G304 프로디지 게이밍 마우스 2년 보장 블랙/화이트
2442.0,로지텍 로지텍 무선 마우스 페블 M350
2443.0,mx anywhere3
2444.0,mx anywhere3
2445.0,Acer CB272U 피벗 sRGB 100% AS 2년 WQHD IPS 모니터링.
2446.0,정림전자 지마스타 JG271C7742 퀀텀닷 QHD 1500R 165Hz 커브 게이밍 모니터.
2447.0,크로스오버 32인치 곡선 모니터.
2448.0,Pixel Art 25인치 IPS 패널 144Hz 게이밍 모니터
2449.0,Pixel Art 28인치 UHD 불량 IPS 패널 + 화면 분할
2450.0,Philips 436M 4K HDR 400 UHD 비전 보호 결함 모니터
2451.0,필립스 438P14K UHD.
2452.0,Philips 438P14K UHD 비전 보호 모니터 43\\
2453.0,제한된 크로스오버 27인치 모니터 QHD IPS 패널 180Hz 500cd
2454.0,효성 ITX 27인치 FHD 슬림 베젤 모니터.
2455.0,LG 24ML600SW 60cm 모니터 슬림 베젤/화이트/75Hz/1ms
2456.0,LG 27인치 모니터 27MN430HW.
2457.0,LG 27GN650 모니터.
2458.0,"LG 32GK850F 32, QHD, VA, 144hz"
2459.0,LG 32un650 - 4kips 비용 효율적인 제품.
2460.0,LG 32UN650 32인치 4K 모니터.
2461.0,LG 48인치 OLED 48CXKNB.
2462.0,LG 게이밍 모니터 + RTX 30 그래픽 카드 세트 모음
2463.0,LG 울트라 기어 27GN950 모니터.
2464.0,LG 올레드48CXKNB
2465.0,LG27GN950 4K 144Hz Nano IPS 모니터.
2466.0,LG 울트라 와이드 29WL500 21:9 프리싱크 모니터. 오늘 2시 19분 선착순 이벤트입니다.
2467.0,LG전자 27MK430H 27인치 모니터.
2468.0,Mtec 27인치 IPS 패널 4K UHD 평면 60Hz 결함
2469.0,Mtec 27인치 IPS 패널 게이밍 모니터 240Hz 결함
2470.0,QUEEN 325 4K UHD 32인치 모니터 HDR IPS
2471.0,Viewsys F2740 ips 모니터 165Hz 결함
2472.0,X24ih/ hp 24인치 피벗 모니터
2473.0,액티몬 PD 20W 2만mAh 휴대용 배터리
2474.0,고속 충전식 보조 배터리 PB10
2475.0,E-Mation 휴대용 배터리 PD 65W Power Bank/20000mAh/ML
2476.0,샤오미 무선 충전 스탠드 보조 배터리 30W 10000mah WPB25ZM 직접 구매
2477.0,카닉 충전식 핸드 온열기/보조 배터리
2478.0,특가 벡셀 15w 휴대용 배터리 + 동시 충전 + 무선 충전 + 흡착 패드 증정
2479.0,탐색기 MAX PD 160W 무선 충전 보조 배터리 20000mAh
2480.0,Fonzak PD 고속 충전 보조 배터리 10000mAh + 케이블 2개 포함
2481.0,G마켓) ROMOS 57000mAh PEA57 대용량 보조 배터리
2482.0,"KEZHI 50,000 mAh 대용량 휴대용 배터리"
2483.0,KEZHI 50000mAh 대용량 모바일 충전 보조 배터리
2484.0,Romoss PEA5757000 mAh 급속 충전 보조 배터리
2485.0,ZMI QB826 25000mah 200W 보조 배터리
2486.0,Fineview Black Box X700 64G 출장 장착
2487.0,Fineview R2 32GB 자체 장착.
2488.0,파인뷰 R2 스마트룸 미러 채널 2 블랙박스 32G.
2489.0,Fineview X900 Power F/F 블랙박스 64G.
2490.0,크레모아 팬 V600+
2491.0,LG 세탁기 tr14wk1.
2492.0,LG 트롬 세탁기 건조기 세트.
2493.0,LG 트롬 스타일러 S5MBA.
2494.0,Apple HomePod Mini 스피커.
2495.0,Anker Bluetooth 스피커 사운드코어 메가 A3392입니다.
2496.0,Anker Soundcore Motion Plus.
2497.0,야마하 사운드 바 SRB20A.
2498.0,"야마하 스피커. WX-021, 2, 1세트."
2499.0,캔스톤 R680BT 스피커.
2500.0,캔스톤 SPS300BT 하이파이 블루투스 PC 스피커.
2501.0,크리에이티브 기가웍스 T40 II.
2502.0,조약돌 vs 2.
2503.0,하마카돈 오닉스 스튜디오 5 블루투스 스피커.
2504.0,하만 카돈 사운드스틱 4.
2505.0,하만 카돈 오닉스 스튜디오 5 블루투스 스피커.
2506.0,하만 카돈 강당 3번입니다
2507.0,홈팟 미니.
2508.0,BOSE 저 20 BOSE 동반자 20
2509.0,BOSE 저 20 BOSE 동반자 20
2510.0,BR-1600BT 2채널 유무선 컴퓨터 스피커 Bluetooth HI-FI.
2511.0,크리에이티브 기가웍스 T40 II
2512.0,펜더 뉴포트 펜더 뉴포트 블루투스 스피커 검은색.
2513.0,JBL 75주년 브랜드데이. JBL GO3 블루투스 스피커.
2514.0,JBL 막대 9.1
2515.0,JBL 바 9.1 돌비 애트모스 블루투스 사운드 바.
2516.0,JBL FLIP5 블루투스 스피커.
2517.0,JBL GO 3 화이트.
2518.0,JBL JR 프로
2519.0,사운드 스틱4 사운드 스틱4 블루투스 스피커 내부.
2520.0,Apple Watch SE 40mm GPS 골드 알루미늄 케이스 MYDN2KH/A
2521.0,애플 워치 6 GPS 40/44mm.
2522.0,Apple Watch Cellular Blue 44mm.
2523.0,"Apple Watch Series 3, iPhone 11/12 오리지널 케이스 최대 50% 할인 + 무료 배송 15."
2524.0,어메이징 핏 밴드 5.
2525.0,화미 어메이징 핏 GTS2 미니.
2526.0,화웨이 블루투스 스마트워치 42mm.
2527.0,화웨이 스마트 워치 스컬맨.
2528.0,"화웨이 워치 스포츠 99,000원. 빅스."
2529.0,아마존핏 바이프 팝
2530.0,Apple Apple Watch 5 GPS + 셀룰러 44mm 스포츠 밴드 + 스테인리스 스틸 케이스
2531.0,Apple Apple Watch 6 GPS + 셀룰러 40mm - M06W3KH/A
2532.0,GA-2100-1A1GYAL Oak Black Sword 박사입니다.
2533.0,GA-2100-ADR 길 오크
2534.0,캐리어 벽걸이형 에어컨 ARC061STA는 자유롭게 설치할 수 있습니다.
2535.0,혜택범위 158만원 + 공공보청기 증정) 인증매장 삼성 무풍 클래식 에어컨 AF17T7972RZRS 멀티타입 기본장비 포함
2536.0,LG 휘센 듀얼 멀티 에어컨 FQ17DADWC2 서울시 설치 혜택
2537.0,LG 휘센 듀얼 멀티 에어컨 FQ17DADWC2 서울 경기 설치
2538.0,DMYPASSPORT 외장 하드 4TB
2539.0,WD 4TB 외장 하드 드라이브.
2540.0,WD 8TB 외장 하드 드라이브.
2541.0,WD Elementz 외장 하드 3TB.
2542.0,"WD MYPASSPORT 외장 4TB, Samcar 추가 할인"
2543.0,WD 새 내 여권 4TB 외장 하드
2544.0,WD RED 8TB NAS HDD
2545.0,WD 울트라스타 18TB CMR
2546.0,Apple AirPods 2세대 유선 충전.
2547.0,Apple AirPods 2세대 유선 충전 MV72KH/A
2548.0,Apple AirPod Pro.
2549.0,오리지널 Apple AirPods Pro.
2550.0,Apple AirPod Pro.
2551.0,Apple Korea AirPod Pro.
2552.0,APCOBITONIC SOAP Lite. 블루투스 이어폰 1+1.
2553.0,Avanista 스톡홀름 BL2 이어폰.
2554.0,N9 Hipods 블루투스 이어폰.
2555.0,요이치 엘도라 ipx4 블루투스 이어폰.
2556.0,위메프/QCY T1C 블루투스 이어폰
2557.0,Apple AirPods Pro Noise Canceling으로 간편합니다.
2558.0,자브라 엘리트 65t.
2559.0,J-Bird Vista 무선 이어폰.
2560.0,젠하이저 모멘텀 트루 와이어리스 2.
2561.0,젠하이저 모멘텀 트루 와이어리스 2 블루투스 이어폰.
2562.0,젠하이저 CX 400BT TW 1+1 이벤트 / 블랙 또는 화이트.
2563.0,젠하이저 인이어 이어폰 IE300.
2564.0,카카오/라인 프렌즈 Bluetooth 무선 이어폰
2565.0,캔디 TS-18 블루투스 이어폰.
2566.0,코끼리/음소거 블루투스 이어폰.
2567.0,톤이 없는 HBS-TFN4는 완전한 무선 블루투스 이어폰입니다.
2568.0,"한정 수량으로 1,000개입니다. 한국 최초 출시. QCY M18 블루투스 이어폰."
2569.0,AKGN400 이어폰.
2570.0,AKGY23U 유선 이어폰.
2571.0,Apple 정품 AirPods Pro MWP22KH/A.
2572.0,Apple 정품 AirPods Pro MWP22KH/A.
2573.0,Haylout16anc 액티브 노캔 블루투스 이어폰
2574.0,HAYLOUT19 무선 충전 블루투스 이어폰.
2575.0,JBL Free 2. 흰색/검은색.
2576.0,LG 톤 프리 블루투스 이어폰 TFN4.
2577.0,LG 톤 프리 HBS-TFN4 + 카카오 케이스.
2578.0,LG 톤 플러스 프리 HBS-TFN4.
2579.0,LG 톤 플러스 프리 HBS-TFN4.
2580.0,LG전자의 무음 블루투스 무선 이어폰.
2581.0,LG 톤 프리 무선 블루투스 이어폰.
2582.0,"wf1000xm3 189,000/최대 배송 안 함 155,650"
2583.0,"오, 무선청소기."
2584.0,진공 걸레 로봇 청소기 트윈보스 S9 PRO 마스터 5L 용량입니다.
2585.0,차량 청소기.
2586.0,Chyson Wireless 진공청소기 캐치웰 CV6 PLUS / 스타벅스 쿠폰 증정
2587.0,Chihu360 로봇 진공청소기 S9 Max.
2588.0,자동차 청소기.
2589.0,핸디의 저소음 청소기 조명.
2590.0,A9/A9s 진공청소기 일체형 타워. 사전 예약.
2591.0,LG전자 A9S 코드제로 무선청소기 A9370IK
2592.0,오리지널 Apple 2020 전원 어댑터.
2593.0,All-Pan 65Wgan PD PPS C형 고속 충전기.
2594.0,윈코 GAN 65W PD 고속 충전기.
2595.0,인디 표준 25W PD 3.0PPS 고속 충전기 + C-C 케이블.
2596.0,Feel 차량 고속 충전 거치대
2597.0,주연테크 아난티 캐리밥 120W PD Charger.
2598.0,"주파수, 고속 충전 크레이들, cwc01."
2599.0,차량 무선 충전용 주파수 컨트롤러.
2600.0,ZMI 3-출구 65W 다중 충전기
2601.0,쿨링팬. 차량용 무선 충전기.
2602.0,Cube On 6포트 All Quick Charge 3.0 고속 충전기 JI-613
2603.0,큐브온 스토리지 타입 4포트 다중 속도 충전기.
2604.0,Klebertaquion GaNPS 접지 75W 고속 다중 충전기 G21CA
2605.0,Cleos Quick Charge 3.0 3포트 차량 충전기 CC301
2606.0,Cleos Quick Charge 3.0 3포트 차량 충전기 CC301
2607.0,Prism 65W GaN 1포트 고속 충전 어댑터 + USB 3.1 Gen2 100W 케이블
2608.0,Plomax 2.1A 2포트 충전기 + C형 케이블.
2609.0,Plomax 2.1A 2포트 충전기 + C형 케이블.
2610.0,기본 120W GAN 충전기.
2611.0,Basus Basus GaN2 PRO 65W 미니 고속 충전기 - 중국/유럽/돼지 코 증정
2612.0,Basus GaN2 Pro 65W
2613.0,Basus GaN2 Pro 충전기 65w
2614.0,C형 급속 충전. 3개 또는 3개의 멀티 충전 케이블. 멀티 충전 케이블 2개.
2615.0,GODA PD83W 급속 충전 시거 잭.
2616.0,OMT 고속 무선 충전 차량 거치대
2617.0,UM2 100W 고속 PD 충전기 최대 140입니다.
2618.0,USB C 타입 접지 120W GAN PD3.0 PPS 4포트 고속 충전기.
2619.0,USB-PDPS 65W GaN65S 3포트 충전기 SKY-G65SPD3
2620.0,TAP 링크 타코 C200 홈 카메라
2621.0,USB PDC에서 C 60W C 타입 1M 케이블.
2622.0,Anker 케이블 및 충전기를 할인합니다.
2623.0,Prime C 타입 급속 충전 케이블 1M 7개
2624.0,Philips DLC2608 3in-1 다중 충전 케이블 1.2m
2625.0,AUKEY MFIC와 라이트닝 케이블 연결 2m.
2626.0,C~C 100W 10Gbps 1m 길이의 고속 충전 데이터 케이블
2627.0,M4 1+1 이벤트 마그네틱 고속 충전 케이블.
2628.0,USB PD C에서 C 60W C까지 20CM
2629.0,USB PDC에서 C 60W C 타입 20cm 케이블 벌크.
2630.0,USB PDC에서 C 60W C 타입 1M 케이블.
2631.0,Xdoria Diffend Shield 밀스펙 인증 사례 1+1
2632.0,Alago gb5 갤럭시 버드 라이브 실리콘 케이스 프로.
2633.0,WeMakePrice) Inovia iPad 사례 유형별
2634.0,자주 사용하는 실리콘 케이스 모든 모델 + 핑거 스트랩
2635.0,쿠네 플리누 D3+ 가죽 케이스.
2636.0,아이폰 11 프로 오리지널 가죽 케이스.
2637.0,iPhone 11 Pro Max 실리콘 케이스 - 자몽
2638.0,UAG 플라이오 노트 10 플러스.
2639.0,APCO HACKER K935P V2 45g 비접촉식 10키리스 키보드.
2640.0,필기체어 키보드/마우스
2641.0,K380 무선 블루투스 키보드/종이 방향제 증정
2642.0,한성컴퓨터 gk893b 영어문화사이트.
2643.0,COX CK87 검은색 키보드 저소음 갈축.
2644.0,Coxck87 BT Bluetooth 10 키리스 키보드.
2645.0,g512 Logitech 기계식 키보드.
2646.0,GK787S 오피스 마스터 저소음 축적 기계식 키보드
2647.0,MX BOAD 3.0S 검은색 누적 키보드.
2648.0,MX 키
2649.0,MX 키 Logitech 무선 키보드
2650.0,MX 키 키보드 + MX MASTER3 마우스 세트.
2651.0,MX 키 키보드 + MX MASTER3 마우스 세트.
2652.0,mac용 mx 키
2653.0,SSG) MX 키
2654.0,VARMILOVA104M 진회색 볼드.
2655.0,Air 4세대 64G Wi-Fi.
2656.0,ALLDOCUBE iPlay 30 Pro 6G+128G LTE 글로벌 버전
2657.0,"ALLDOCUBE iplay20pro, iplay30pro"
2658.0,ALLDOCUBE iplay40 Tablet 8+128GB LTE + 강화 유리 필름 + 블랙 케이스 글로벌 롬 패치
2659.0,ALLDOCUBE iplay40 Tablet 8+128GB LTE 글로벌 버전
2660.0,ALLDOCUBE iplay40 Tablet PC 8+128GB 글로벌 버전
2661.0,HD 10 발사. 검은색과 흰색.
2662.0,아이패드
2663.0,iplay30pro
2664.0,LG G-Pad 38.0 신제품.
2665.0,LG G-패드 3 8.0 V425.
2666.0,SKT 갤럭시 탭 A7.
2667.0,SKT 신규/균일 갤럭시 탭 A7 결제/공고
2668.0,SKT 신규/유니크 삼성 갤럭시 탭 A7 결제/공고
2669.0,skt 신규/신규/번호는 Tapa7 전액/공개 금액입니다.
2670.0,SKT의 신규/번호는 삼성 갤럭시 탭 A7 결제/공시입니다.
2671.0,SKT의 새로운/번호/변경 가능한 갤럭시 탭 A7
2672.0,"SKT iPad Pro 3세대 1,128GB 셀룰러."
2673.0,TFX156T DEX 휴대용 HDR 멀티 터치 모니터 일반
2674.0,OLED 65인치 TV OLED 65BXENA.
2675.0,와사비 망고 WMUV580 UHD TV MAX HDR 58인치
2676.0,지원 I&C UV430 Android Ai.
2677.0,프리즘 코리아 PT750UD
2678.0,BNB 101cm
2679.0,LG 163cm SUHD 65나노83KNB 스탠드 타입.
2680.0,LG 75인치 울트라 HD 75UN8570 직구AUD
2681.0,LG 75인치 TV 75UN8570AUD.
2682.0,LG 75UN7850KNA + 사운드바.
2683.0,LG 75UN7850KNA + 사운드바.
2684.0,LG 75un7850kna + 사운드바 + 우퍼 + 접시?
2685.0,LG 75UN7850KNA 사운드 바 + 볼 세트
2686.0,LG OLED 65BXENA.
2687.0,LG OLED 울트라 65인치 OLED 65BXFNA.
2688.0,LG 올레드 TV AI 씽큐 올레드 48CXKNB 182만 / 펼침 51
2689.0,"LG 직매입 TV 75UN8570AUD 현대 15%, 하나 15%, 다중결제 클레임 할인"
2690.0,LG OLED 55cxfna
2691.0,"lgold 65bxena 2,040,750원 34."
2692.0,LG OLED65BX에나
2693.0,LG 올레드 TV 48CXKNB
2694.0,LG 올레드 TV 48CXKNB
2695.0,LG 올레드 TV 올레드48C1KNB
2696.0,LG 올레드 TV 올레드48CXKNB 48
2697.0,LG 올레드65cxna
2698.0,LG전자 올레드 55CXFNA 55인치 올레드 TV.
2699.0,LG UHD TV 55UM7800ENA
2700.0,OLED 55BXENA_OLED 55인치 TV.
2701.0,qn82q70t 82인치 삼성 TV.
2702.0,"최종 혜택 170,460 / 오늘부터 + 삼성전자 SL-T1670W 정품 인피니트 컬러 잉크젯 멀티 머신/프린터 잉크 포함"
2703.0,dcp-220 브라더 정품 잉크 복합 프린터
